overall_rank,display_name,position,team,tier,points_total_pred,points_per_game_pred,vor,position_rank,live_adp,bye_week,manual_adjustment,override_note
1,Justin Jefferson,WR,MIN,1,239.53157493074357,16.86541600714835,114.78867151325016,1,13.2,6,0.0,
2,Jahmyr Gibbs,RB,DET,1,226.22241952390428,16.729900153498033,113.03485378892647,1,1.6,6,0.0,
3,Zay Flowers,WR,BAL,2,228.6429052858537,16.11579271179784,103.90000186836028,2,26.7,13,0.0,
4,Ja'Marr Chase,WR,CIN,2,228.57499526283982,16.2218501361014,103.83209184534641,3,3.9,6,0.0,
5,Jaxon Smith-Njigba,WR,SEA,2,226.5651772692573,15.988908158053812,101.8222738517639,4,6.0,11,0.0,
6,Amon-Ra St. Brown,WR,DET,3,216.29823052591766,15.23417403361918,91.55532710842425,5,7.1,6,0.0,
7,Bijan Robinson,RB,ATL,2,198.89841298349307,14.707111742632163,85.71084724851526,2,2.0,11,0.0,
8,Trey McBride,TE,ARI,1,197.70798524809348,14.318959335838613,83.8995598169389,1,35.3,14,0.0,
9,Jeremiyah Love,RB,ARI,2,195.98546280108033,14.543226509379183,82.79789706610252,3,25.1,14,0.0,
10,DeVonta Smith,WR,PHI,4,206.45376167132932,14.671884326945165,81.71085825383591,6,29.0,10,0.0,
11,Puka Nacua,WR,LA,4,204.22362200101958,14.737057978429112,79.48071858352617,7,2.8,11,0.0,
12,Ashton Jeanty,RB,LV,2,192.2173367791345,14.240838783182738,79.0297710441567,4,14.0,13,0.0,
13,Tetairoa McMillan,WR,CAR,4,202.47997149622958,14.303212519363415,77.73706807873617,8,33.9,5,0.0,
14,Emeka Egbuka,WR,TB,5,193.96323826765493,13.695981498965818,69.22033485016152,9,33.6,10,0.0,
15,Drake London,WR,ATL,5,188.30486634378815,13.81821932629032,63.56196292629474,10,10.8,11,0.0,
16,De'Von Achane,RB,MIA,3,176.58018480311483,13.171212758608814,63.39261906813702,5,9.3,6,0.0,
17,Breece Hall,RB,NYJ,3,175.10313731303785,13.09609749130291,61.91557157806004,6,28.4,13,0.0,
18,Quinshon Judkins,RB,CLE,3,172.81661821701732,13.169677580324551,59.62905248203951,7,49.4,11,0.0,
19,Harold Fannin Jr.,TE,CLE,2,172.99215845453122,12.657143062284737,59.18373302337665,2,80.2,11,0.0,
20,Tyler Warren,TE,IND,2,172.66980018491793,12.501848243421659,58.86137475376336,3,66.1,13,0.0,
21,Christian McCaffrey,RB,SF,3,171.83549028468858,13.155810725691426,58.647924549710766,8,5.2,8,0.0,
22,Chris Olave,WR,NO,5,183.04237621021537,13.30526023748647,58.29947279272196,11,20.1,8,0.0,
23,Brock Bowers,TE,LV,2,171.34482178293547,12.979453346960039,57.536396351780894,4,40.7,13,0.0,
24,George Pickens,WR,DAL,5,180.16784116164715,12.798069316503685,55.42493774415374,12,21.4,14,0.0,
25,Wan'Dale Robinson,WR,TEN,5,177.26842759319388,12.59012147382791,52.52552417570047,13,71.1,9,0.0,
26,Chase Brown,RB,CIN,3,163.3755532195576,12.092587168581701,50.18798748457978,9,12.3,6,0.0,
27,Ladd McConkey,WR,LAC,6,168.70395800209542,12.021157004784357,43.96105458460201,14,44.1,7,0.0,
28,Derrick Henry,RB,BAL,3,155.7054474996932,11.417052037018422,42.5178817647154,10,16.2,13,0.0,
29,CeeDee Lamb,WR,DAL,6,166.12120769260758,12.127562565832708,41.378304275114175,15,11.3,14,0.0,
30,Travis Kelce,TE,KC,3,153.132860671455,10.984301194711405,39.32443524030043,5,95.5,5,0.0,
31,Patrick Mahomes,QB,KC,1,244.51033496997673,16.61016176185315,38.801043756567935,1,96.2,5,0.0,
32,Josh Allen,QB,BUF,1,244.3481530328302,16.42087343429636,38.63886181942141,2,26.6,7,0.0,
33,Kyle Pitts,TE,ATL,3,151.37297551796422,10.942643436417947,37.564550086809646,6,79.1,11,0.0,
34,Javonte Williams,RB,DAL,3,148.89621938186878,11.08849972935411,35.708653646890966,11,36.5,14,0.0,
35,Colston Loveland,TE,CHI,3,148.82442693114007,10.885806257535243,35.01600149998549,7,61.2,10,0.0,
36,Jerry Jeudy,WR,CLE,7,158.62158265479084,11.167165409036025,33.87867923729743,16,134.5,11,0.0,
37,James Cook,RB,BUF,3,146.6611182349695,10.849823499853075,33.4735524999917,12,15.3,7,0.0,
38,TreVeyon Henderson,RB,NE,3,146.03406054058584,10.8064725811517,32.84649480560803,13,55.9,11,0.0,
39,Jadarian Price,RB,SEA,3,145.24849665240004,10.759355675710701,32.060930917422226,14,64.9,11,0.0,
40,Brian Thomas Jr.,WR,JAX,7,156.38086318613733,11.298974666974612,31.637959768643924,17,83.5,7,0.0,
41,Kyren Williams,RB,LA,3,144.62284210166217,10.709487217180822,31.435276366684363,15,32.2,11,0.0,
42,Omarion Hampton,RB,LAC,3,143.37820198153548,11.521757842173615,30.190636246557673,16,19.8,7,0.0,
43,Nico Collins,WR,HOU,7,154.66107162984372,11.197194092203894,29.91816821235031,18,23.0,8,0.0,
44,A.J. Brown,WR,NE,7,154.46280172952305,11.134326867271495,29.719898312029642,19,17.4,11,0.0,
45,Carnell Tate,WR,TEN,7,152.9797197622671,10.82335232941781,28.2368163447737,20,75.8,9,0.0,
46,Hunter Henry,TE,NE,3,141.4969467323917,10.199161105318085,27.68852130123713,8,156.5,11,0.0,
47,Jonathan Taylor,RB,IND,3,139.56141159318753,10.379298331334644,26.37384585820972,17,7.6,13,0.0,
48,Jaylen Waddle,WR,DEN,7,150.79167665256537,10.74331808287129,26.048773235071963,21,48.9,10,0.0,
49,Bo Nix,QB,DEN,2,229.79467302598755,15.370020811797474,24.08538181257876,3,120.2,10,0.0,
50,Tony Pollard,RB,TEN,3,136.99550699650985,10.109119508353334,23.807941261532036,18,62.5,9,0.0,
51,Jakobi Meyers,WR,JAX,7,147.07138923514293,10.459064162083441,22.328485817649522,22,77.0,7,0.0,
52,RJ Harvey,RB,DEN,3,135.29991410213825,9.994057230923362,22.112348367160436,19,83.3,10,0.0,
53,Aaron Rodgers,QB,PIT,2,226.52187849899,15.078692591561367,20.812587285581202,4,166.6,9,0.0,
54,Jameson Williams,WR,DET,7,145.22467168892462,10.290875834226185,20.481768271431207,23,46.0,6,0.0,
55,Drake Maye,QB,NE,2,225.92716377621537,15.245573594735871,20.217872562806576,5,50.0,11,0.0,
56,D'Andre Swift,RB,CHI,3,132.78204565579577,9.874761346395971,19.59447992081796,20,44.7,10,0.0,
57,Courtland Sutton,WR,DEN,7,143.91307756419275,10.125406378565682,19.17017414669934,24,59.5,10,0.0,
58,Mark Andrews,TE,BAL,3,130.50976695702553,9.388847446259769,16.70134152587096,9,136.7,13,0.0,
59,Khalil Shakir,WR,BUF,7,139.60719196319013,9.957182800307512,14.864288545696724,25,100.7,7,0.0,
60,Dallas Goedert,TE,PHI,3,127.21664038253526,9.49145539005852,13.408214951380685,10,105.2,10,0.0,
61,Jordyn Tyson,WR,NO,7,137.76134395685253,9.742930239215964,13.01844053935912,26,85.2,8,0.0,
62,Davante Adams,WR,LA,7,135.43810449984278,9.77305320189706,10.69520108234937,27,41.2,11,0.0,
63,Josh Downs,WR,IND,7,134.64857079008405,9.641650211377895,9.905667372590642,28,91.9,13,0.0,
64,Lamar Jackson,QB,BAL,3,215.60534231313042,14.71801699993609,9.896051099721632,6,53.6,13,0.0,
65,Makai Lemon,WR,PHI,7,133.67242850254792,9.452150433605258,8.929525085054507,29,105.8,10,0.0,
66,Chuba Hubbard,RB,CAR,4,120.57380102265898,9.112120922006277,7.386235287681174,21,74.6,5,0.0,
67,Jalen Hurts,QB,PHI,3,212.88699921762833,14.353532366957683,7.177708004219539,7,74.5,10,0.0,
68,Jordan Addison,WR,MIN,7,131.56807645275273,9.55174695475172,6.825173035259326,30,102.3,6,0.0,
69,Jaxson Dart,QB,NYG,3,212.47031475727258,14.482696066574409,6.761023543863786,8,104.3,8,0.0,
70,Caleb Williams,QB,CHI,3,212.27272074199118,14.213434097018343,6.56342952858239,9,106.6,10,0.0,
71,Juwan Johnson,TE,NO,3,119.7008045668931,8.666107158873048,5.892379135738523,11,157.2,8,0.0,
72,Baker Mayfield,QB,TB,3,210.43742938785527,14.033112093296031,4.728138174446485,10,129.2,10,0.0,
73,Kenneth Walker III,RB,KC,4,117.53346730894579,8.839853813159433,4.3459015739679785,22,26.7,5,0.0,
74,Alvin Kamara,RB,NO,4,116.87855670473675,9.191985996447434,3.6909909697589427,23,133.7,8,0.0,
75,Saquon Barkley,RB,PHI,4,116.46689929206131,8.669710210986814,3.279333557083504,24,18.6,10,0.0,
76,Elic Ayomanor,WR,TEN,7,127.90095023134495,9.103441324468024,3.1580468138515414,31,,,0.0,
77,Mason Taylor,TE,NYJ,3,116.35436188803494,8.74379856129498,2.5459364568803693,12,,,0.0,
78,Michael Wilson,WR,ARI,7,127.07965463910632,8.974568184221601,2.3367512216129143,32,88.1,14,0.0,
79,Jared Goff,QB,DET,3,207.96873641601178,13.864277921317887,2.25944520260299,11,105.9,6,0.0,
80,Justin Herbert,QB,LAC,3,207.90917742270955,13.963015693423563,2.1998862093007574,12,109.1,7,0.0,
81,Tre Tucker,WR,LV,7,126.42749396536993,8.914905865566254,1.6845905478765246,33,136.4,13,0.0,
82,Marvin Harrison Jr.,WR,ARI,7,126.13438647616746,9.26600092718228,1.391483058674055,34,63.4,14,0.0,
83,DK Metcalf,WR,PIT,7,126.03232856214377,9.04091392688963,1.289425144650366,35,65.4,9,0.0,
84,Xavier Worthy,WR,KC,7,125.25877144677506,9.079797493664726,0.5158680292816484,36,104.2,5,0.0,
85,Jake Ferguson,TE,DAL,3,113.80842543115457,8.281259710830156,0.0,13,140.1,14,0.0,
86,Trevor Lawrence,QB,JAX,3,205.7092912134088,13.932925027913292,0.0,13,90.1,7,0.0,
87,Malik Nabers,WR,NYG,7,124.74290341749341,10.013142558128639,0.0,37,34.5,8,0.0,
88,Tyrone Tracy Jr.,RB,NYG,4,113.18756573497781,8.503928398199662,0.0,25,156.1,8,0.0,
89,Tee Higgins,WR,CIN,8,123.77366644552933,8.959572471953399,-0.9692369719640794,38,39.3,6,0.0,
90,DJ Moore,WR,BUF,8,123.56538414488439,8.684251063654388,-1.1775192726090182,39,50.7,7,0.0,
91,Josh Jacobs,RB,GB,5,111.9511053222338,8.394304916492235,-1.2364604127440089,26,24.7,11,0.0,
92,Oronde Gadsden II,TE,LAC,4,111.63157469326073,8.229571629799503,-2.1768507378938438,14,155.1,7,0.0,
93,Alec Pierce,WR,IND,8,122.26858996209394,8.767436445367606,-2.474313455399468,40,55.1,13,0.0,
94,Bucky Irving,RB,TB,5,110.69284080797416,8.78698858424809,-2.494724927003645,27,42.4,10,0.0,
95,K.C. Concepcion,WR,CLE,8,120.98706990997037,8.55747591971125,-3.755833507523036,41,128.5,11,0.0,
96,Chimere Dike,WR,TEN,8,120.97279418006644,8.535911703781059,-3.770109237426965,42,,,0.0,
97,Quentin Johnston,WR,LAC,8,119.92674978451066,8.7765416110389,-4.816153632982747,43,95.0,7,0.0,
98,Zach Charbonnet,RB,SEA,5,107.65875852811168,8.023656841567352,-5.528807206866134,28,139.8,11,0.0,
99,Kenyon Sadiq,TE,NYJ,4,107.79771604494289,7.826092304376131,-6.010709386211687,15,158.2,13,0.0,
100,Parker Washington,WR,JAX,8,118.60776124100987,8.497783377302978,-6.135142176483541,44,75.9,7,0.0,
101,Dalton Schultz,TE,HOU,4,107.65557888559151,7.750913481435664,-6.152846545563065,16,157.4,8,0.0,
102,Cade Otton,TE,TB,4,107.39046015714105,7.952330809584888,-6.417965274013525,17,,,0.0,
103,Troy Franklin,WR,DEN,8,118.12219132171838,8.363434108292731,-6.620712095775033,45,,,0.0,
104,Rome Odunze,WR,CHI,8,118.06609436010105,8.671605638798216,-6.6768090573923615,46,49.9,10,0.0,
105,Omar Cooper,WR,NYJ,8,117.86210553894665,8.330793485224953,-6.880797878546758,47,164.3,13,0.0,
106,Michael Pittman,WR,PIT,8,117.74571725563133,8.298362464332358,-6.997186161862075,48,72.5,9,0.0,
107,Jaylen Warren,RB,PIT,5,105.6821765598794,7.906062083473965,-7.505389175098415,29,66.6,9,0.0,
108,Woody Marks,RB,HOU,5,105.64367484790982,7.873240549713811,-7.543890887067988,30,141.8,8,0.0,
109,Travis Etienne,RB,NO,5,105.28261040827238,7.80650347350245,-7.9049553267054335,31,36.9,8,0.0,
110,Sam Darnold,QB,SEA,4,197.3829397263783,13.179869006941036,-8.326351487030479,14,140.5,11,0.0,
111,Jayden Higgins,WR,HOU,8,116.24430671712,8.209356196336856,-8.498596700373412,49,136.3,8,0.0,
112,Cam Ward,QB,TEN,4,196.836271763879,13.184103065234885,-8.873019449529778,15,174.4,9,0.0,
113,Dak Prescott,QB,DAL,4,194.43170356806837,13.16399366365189,-11.277587645340418,16,67.1,14,0.0,
114,Luther Burden III,WR,CHI,8,113.43071839751303,8.139777669768266,-11.312185019980376,50,53.3,10,0.0,
115,Garrett Wilson,WR,NYJ,8,112.23519228238825,8.622453169174415,-12.507711135105154,51,28.3,13,0.0,
116,Aaron Jones,RB,MIN,5,100.62054111486002,7.740952909099108,-12.567024620117792,32,89.8,6,0.0,
117,Xavier Legette,WR,CAR,8,111.54216491488162,8.024941822835766,-13.200738502611784,52,,,0.0,
118,Denzel Boston,WR,CLE,8,111.12833860733487,7.854684424322064,-13.61456481015854,53,155.6,11,0.0,
119,Chig Okonkwo,TE,WAS,4,99.92881550950949,7.235880811815562,-13.879609921645084,18,163.7,7,0.0,
120,J.K. Dobbins,RB,DEN,5,98.4240048674153,7.893816540705971,-14.763560867562504,33,91.1,10,0.0,
121,Terry McLaurin,WR,WAS,8,108.1062944043378,8.024882690641837,-16.636609013155606,54,42.6,7,0.0,
122,Bryce Young,QB,CAR,4,188.87928879069113,12.784097197028162,-16.830002422717655,17,177.2,5,0.0,
123,De'Zhaun Stribling,WR,SF,8,107.7899122039637,7.612347551797459,-16.952991213529714,55,156.2,8,0.0,
124,Kyle Monangai,RB,CHI,5,95.85565409012993,7.090447063891601,-17.331911644847878,34,99.7,10,0.0,
125,Cooper Kupp,WR,SEA,8,106.78462768091534,7.6286091529651054,-17.958275736578074,56,159.0,11,0.0,
126,Matthew Stafford,QB,LA,4,186.8809625412284,12.42938903588636,-18.82832867218039,18,83.8,11,0.0,
127,T.J. Hockenson,TE,MIN,4,94.64088754839388,7.080441720991574,-19.167537882760698,19,154.5,6,0.0,
128,Adonai Mitchell,WR,NYJ,8,105.30692554964027,7.490919130222931,-19.43597786785314,57,162.4,13,0.0,
129,Sam LaPorta,TE,DET,4,94.24435284532525,7.369800084349886,-19.564072585829322,20,87.5,6,0.0,
130,Theo Johnson,TE,NYG,4,93.8540689815076,7.028133772237727,-19.95435644964698,21,,,0.0,
131,George Kittle,TE,SF,4,93.3049322967264,7.10801648482008,-20.50349313442817,22,119.5,8,0.0,
132,Antonio Williams,WR,WAS,8,102.93966260466338,7.279724777153229,-21.803240812830026,58,157.4,7,0.0,
133,AJ Barner,TE,SEA,4,91.47628958270606,6.659425798949143,-22.332135848448516,23,,,0.0,
134,Jonah Coleman,RB,DEN,5,90.26683446656476,6.685586903119166,-22.92073126841305,35,163.2,10,0.0,
135,Rashid Shaheed,WR,SEA,8,101.65889403743442,7.356297122116794,-23.084009380058987,59,118.4,11,0.0,
136,Eli Stowers,TE,PHI,4,90.09124826740026,6.5285563838765945,-23.717177163754315,24,,,0.0,
137,Tucker Kraft,TE,GB,4,89.56800178766467,7.053339908747695,-24.240423643489905,25,112.4,11,0.0,
138,Germie Bernard,WR,PIT,8,99.93322069507033,7.063332930352132,-24.809682722423076,60,164.7,9,0.0,
139,Rico Dowdle,RB,PIT,5,88.3533341158609,6.527435305806979,-24.834231619116906,36,73.7,9,0.0,
140,Matthew Golden,WR,GB,8,99.8776583170566,7.222105683943249,-24.86524510043681,61,119.2,11,0.0,
141,Gunnar Helm,TE,TEN,4,88.35163619245452,6.452138860801601,-25.456789238700054,26,,,0.0,
142,Jacory Croskey-Merritt,RB,WAS,5,87.55409144348728,6.468516588546053,-25.63347429149053,37,113.6,7,0.0,
143,Kenneth Gainwell,RB,TB,5,87.50270785688195,6.450617763230831,-25.684857878095855,38,,,0.0,
144,Tyjae Spears,RB,TEN,5,87.42525158094618,6.828689649539178,-25.76231415403163,39,124.3,9,0.0,
145,Brenton Strange,TE,JAX,4,87.64994846918295,6.689995941323899,-26.15847696197163,27,164.7,7,0.0,
146,Romeo Doubs,WR,NE,8,98.147612022531,7.0375933753385675,-26.595291394962402,62,108.8,11,0.0,
147,Christian Watson,WR,GB,8,97.98735150984827,7.371102177995325,-26.755551907645142,63,68.1,11,0.0,
148,Jordan Love,QB,GB,4,178.52419536313553,12.106901321641795,-27.185095850273257,19,148.2,11,0.0,
149,Dylan Sampson,RB,CLE,5,85.83644673346917,6.484266506388231,-27.351119001508636,40,163.2,11,0.0,
150,Zachariah Branch,WR,ATL,8,97.02867024744121,6.859961694541369,-27.714233170052196,64,172.2,11,0.0,
151,Rashee Rice,WR,KC,8,96.18677332261572,7.657938225131613,-28.556130094877687,65,11.4,5,0.0,
152,Dalton Kincaid,TE,BUF,4,84.33047250002325,6.4490182982944795,-29.477952931131327,28,153.7,7,0.0,
153,DeMario Douglas,WR,NE,8,94.87089839392797,6.754482224364924,-29.872005023565436,66,,,0.0,
154,Oscar Delp,TE,NO,4,83.92627297883618,6.083606060819064,-29.882152452318394,29,,,0.0,
155,Pat Freiermuth,TE,PIT,4,83.16230289599287,6.1012580328075545,-30.64612253516171,30,,,0.0,
156,Fernando Mendoza,QB,LV,4,174.66417559198933,11.709015544827285,-31.045115621419455,20,171.7,13,0.0,
157,Chris Bell,WR,MIA,8,93.68588937306473,6.624729351478857,-31.057014044428684,67,,,0.0,
158,Jordan Mason,RB,MIN,5,82.05583894303967,6.200989280205858,-31.131726791938135,41,122.5,6,0.0,
159,Emmett Johnson,RB,KC,5,81.83968021897527,6.062333280127431,-31.347885516002535,42,,,0.0,
160,Malik Washington,WR,MIA,8,93.2556727095339,6.622162666403473,-31.48723070795951,68,156.2,6,0.0,
161,Darnell Mooney,WR,NYG,8,92.67658928955848,6.630115334317439,-32.06631412793493,69,177.2,8,0.0,
162,Max Klare,TE,LA,4,81.38458917499764,5.8989406673690254,-32.42383625615693,31,,,0.0,
163,Jauan Jennings,WR,MIN,8,92.29993175253945,6.618478079388716,-32.44297166495396,70,141.9,6,0.0,
164,Malachi Fields,WR,NYG,8,92.21865138333052,6.516546781136776,-32.524252034162885,71,,,0.0,
165,Mike Washington,RB,LV,5,80.64543725958507,5.972145767621744,-32.542128475392744,43,160.1,13,0.0,
166,Joe Burrow,QB,CIN,4,172.80318695341583,12.191642172975522,-32.90610425999296,21,57.7,6,0.0,
167,Ted Hurst,WR,TB,8,91.14420541578689,6.445385109103111,-33.59869800170652,72,,,0.0,
168,Keon Coleman,WR,BUF,8,90.18905162579391,6.709949562197748,-34.5538517916995,73,,,0.0,
169,Ricky Pearsall,WR,SF,8,90.0262580342979,6.917699868507761,-34.71664538319551,74,113.5,8,0.0,
170,Travis Hunter,WR,JAX,8,88.24243882964964,7.376144600673423,-36.500464587843766,75,164.6,7,0.0,
171,Rhamondre Stevenson,RB,NE,5,76.57598046001839,5.835145613861372,-36.611585274959424,44,72.2,11,0.0,
172,Jayden Daniels,QB,WAS,4,168.81051478875935,12.041426478831928,-36.89877642464944,22,71.5,7,0.0,
173,Caleb Douglas,WR,MIA,8,87.62635335853697,6.1922419410647525,-37.116550058956435,76,,,0.0,
174,Nicholas Singleton,RB,TEN,5,75.83385043709477,5.618889285004785,-37.35371529788304,45,,,0.0,
175,Rachaad White,RB,WAS,5,75.75072881302134,5.616541032943221,-37.43683692195647,46,97.9,7,0.0,
176,Cam Skattebo,RB,NYG,5,75.01662457030508,6.090463245101271,-38.170941164672726,47,30.7,8,0.0,
177,C.J. Stroud,QB,HOU,4,167.46201029410747,11.401830918730363,-38.24728091930132,23,160.2,8,0.0,
178,Eli Raridon,TE,NE,4,75.42150340484127,5.469922186561872,-38.3869220263133,32,,,0.0,
179,Cole Kmet,TE,CHI,4,75.07588616518863,5.4788714575560835,-38.73253926596594,33,,,0.0,
180,Elijah Sarratt,WR,BAL,8,85.84856794142824,6.065116039588381,-38.894335476065166,77,,,0.0,
181,Brashard Smith,RB,KC,5,74.02301474215038,5.480402259074434,-39.16455099282743,48,,,0.0,
182,Chris Brazzell,WR,CAR,8,85.34102243402155,6.031375655333949,-39.401880983471855,78,,,0.0,
183,Ja'Kobi Lane,WR,BAL,8,85.13213550208332,6.020721059424952,-39.610767915410094,79,,,0.0,
184,Ty Simpson,QB,LA,4,165.69540013169555,11.1023108138079,-40.01389108171324,24,,,0.0,
185,Kaytron Allen,RB,WAS,5,73.09518556955636,5.410245652630829,-40.092380165421446,49,,,0.0,
186,David Montgomery,RB,HOU,5,72.95240890226903,5.416079118725005,-40.23515683270878,50,62.6,8,0.0,
187,Bhayshul Tuten,RB,JAX,5,72.59296769066613,5.467727891797997,-40.59459804431168,51,51.0,7,0.0,
188,Justin Joly,TE,DEN,4,73.00001173875823,5.2964025153991265,-40.80841369239634,34,,,0.0,
189,Rashod Bateman,WR,BAL,8,83.86911898941565,6.1095573044899405,-40.873784428077755,80,145.3,13,0.0,
190,Michael Mayer,TE,LV,4,72.81444567762678,5.561234648015847,-40.993979753527796,35,,,0.0,
191,Carson Beck,QB,ARI,4,164.65605622857464,11.025119110327225,-41.05323498483415,25,,,0.0,
192,Kayshon Boutte,WR,NE,8,83.48797099245533,6.062795888565315,-41.25493242503808,81,168.4,11,0.0,
193,Marlin Klein,TE,HOU,4,72.49520871009351,5.250504392371691,-41.31321672106107,36,,,0.0,
194,Marvin Mims Jr.,WR,DEN,8,83.36484430439297,5.972630094446745,-41.378059113100434,82,,,0.0,
195,Tank Bigsby,RB,PHI,5,70.7415878206986,5.348669599508629,-42.44597791427921,52,156.4,10,0.0,
196,Tre Harris,WR,LAC,8,81.89966153440338,5.822698716868012,-42.84324188309003,83,,,0.0,
197,Cade Klubnik,QB,NYJ,4,161.96824834369676,10.858084357923463,-43.74104286971203,26,,,0.0,
198,Daniel Jones,QB,IND,4,161.85336832886352,11.215649575660144,-43.855922884545265,27,160.2,13,0.0,
199,Skyler Bell,WR,BUF,8,80.42157269635142,5.6773107968091265,-44.32133072114199,84,,,0.0,
200,Sam Roush,TE,CHI,4,68.63567337205073,4.975666998464373,-45.17275205910384,37,,,0.0,
201,Brenen Thompson,WR,LAC,8,78.4692110010005,5.544534220696798,-46.273692416492906,85,,,0.0,
202,Blake Corum,RB,LA,5,66.88830597233252,4.969395941898735,-46.29925976264529,53,120.7,11,0.0,
203,Evan Engram,TE,DEN,4,67.20753841635594,4.982182997878438,-46.60088701479863,38,,,0.0,
204,Demond Claiborne,RB,MIN,5,66.55451985607901,4.930059638905543,-46.6330458788988,54,169.4,6,0.0,
205,Kaelon Black,RB,SF,5,66.55393292043401,4.9196912175299685,-46.6336328145438,55,159.4,8,0.0,
206,Nate Boerkircher,TE,JAX,4,66.99273743607417,4.847120554270703,-46.81568799508041,39,,,0.0,
207,Will Kacmarek,TE,MIA,4,66.63731724484029,4.828145002862439,-47.171108186314285,40,,,0.0,
208,Taylen Green,QB,CLE,4,158.38197545093666,10.61110593307612,-47.327315762472125,28,,,0.0,
209,Zavion Thomas,WR,CHI,8,77.0239095389605,5.445048169928428,-47.71899387853291,86,,,0.0,
210,Kimani Vidal,RB,LAC,5,65.2472693618446,5.153833486252038,-47.94029637313321,56,169.9,7,0.0,
211,Drew Allar,QB,PIT,4,157.10727072556733,10.534956632448283,-48.60202048784146,29,,,0.0,
212,Pat Bryant,WR,DEN,8,75.80917805520556,5.523638335633828,-48.933725362287845,87,,,0.0,
213,James Conner,RB,ARI,5,63.75015392261925,5.4862784286176565,-49.43741181235856,57,154.1,14,0.0,
214,Jonathon Brooks,RB,CAR,5,62.36441508461709,6.107510797494339,-50.823150650360716,58,114.7,5,0.0,
215,Bryce Lance,WR,NO,8,73.86070820434347,5.214717143622131,-50.88219521314994,88,,,0.0,
216,Kevin Coleman,WR,MIA,8,73.61142699703049,5.201869412912574,-51.13147642046292,89,,,0.0,
217,Isaiah Likely,TE,NYG,4,62.6145593382367,4.759465960137414,-51.19386609291787,41,139.9,8,0.0,
218,Colby Parkinson,TE,LA,4,62.60701469701913,4.6486049496702515,-51.20141073413544,42,,,0.0,
219,Mike Gesicki,TE,CIN,4,62.460150548004684,4.707674959019461,-51.34827488314989,43,,,0.0,
220,Dontayvion Wicks,WR,PHI,8,73.34164102445929,5.335975672309361,-51.401262393034116,90,173.8,10,0.0,
221,Adam Randall,RB,BAL,5,61.62697073765822,4.568769681327663,-51.56059499731959,59,,,0.0,
222,Tommy Tremble,TE,CAR,4,61.9702096438252,4.65128198409655,-51.838215787329375,44,,,0.0,
223,Devin Singletary,RB,NYG,5,60.828350586906446,4.50359786126547,-52.359215148071364,60,,,0.0,
224,Cyrus Allen,WR,KC,8,72.15906520956574,5.096686423344902,-52.58383820792767,91,163.8,5,0.0,
225,Elijah Arroyo,TE,SEA,4,61.02085583520959,4.579983586129418,-52.78756959594499,45,,,0.0,
226,Josh Palmer,WR,BUF,8,71.84594216292055,5.29287039117398,-52.89696125457286,92,,,0.0,
227,Garrett Nussmeier,QB,KC,4,152.6448648605202,10.222257878972,-53.0644263528886,30,,,0.0,
228,Jayden Reed,WR,GB,8,71.63073720416402,5.618512486392395,-53.11216621332939,93,91.6,11,0.0,
229,Seth McGowan,RB,IND,5,59.336333714800936,4.38623973833615,-53.85123202017687,61,,,0.0,
230,Trevor Etienne,RB,CAR,5,58.789947231967744,4.358380714761078,-54.397618503010065,62,,,0.0,
231,Kyle Williams,WR,NE,8,70.27650523495339,5.078164237059569,-54.46639818254002,94,,,0.0,
232,Joe Royer,TE,CLE,4,59.233186185765156,4.2876712739129434,-54.57523924538942,46,,,0.0,
233,Calvin Austin III,WR,NYG,8,69.96532690313346,5.038139835567878,-54.77757651435995,95,,,0.0,
234,Isaiah Davis,RB,NYJ,5,58.086839881156386,4.38933869093065,-55.10072585382142,63,,,0.0,
235,Tyler Allgeier,RB,ARI,5,58.083304442390705,4.286736582402644,-55.104261292587104,64,162.0,14,0.0,
236,Ja'Tavion Sanders,TE,CAR,4,58.36192671008232,4.451572565254171,-55.44649872107225,47,,,0.0,
237,Andrei Iosivas,WR,CIN,8,69.13716915843686,4.9422445681851634,-55.60573425905655,96,,,0.0,
238,Miles Kitselman,TE,DET,4,57.634361627673094,4.174288379205247,-56.17406380348148,48,,,0.0,
239,Bauer Sharp,TE,TB,4,57.54453647982906,4.170225049320621,-56.26388895132551,49,,,0.0,
240,Michael Trigg,TE,DAL,4,57.53083883731648,4.1657937730672705,-56.277586593838095,50,,,0.0,
241,Dawson Knox,TE,BUF,4,57.45616625138829,4.207033593659745,-56.352259179766286,51,,,0.0,
242,Jaylin Noel,WR,HOU,8,68.3043440719062,4.822597366856468,-56.43855934558721,97,,,0.0,
243,Jack Bech,WR,LV,8,68.14113883117616,4.924317018088929,-56.601764586317245,98,,,0.0,
244,Colbie Young,WR,CIN,8,68.13270879146691,4.810001905654738,-56.6101946260265,99,,,0.0,
245,Deion Burks,WR,IND,8,68.11568742988598,4.810710385068128,-56.62721598760743,100,,,0.0,
246,Devin Neal,RB,NO,5,56.35951621930443,4.531569261203042,-56.82804951567338,65,,,0.0,
247,Ameer Abdullah,RB,JAX,5,56.29499647533312,4.308676446278135,-56.89256925964469,66,,,0.0,
248,Jalen Coker,WR,CAR,8,67.82141724592894,5.116278754096421,-56.92148617156447,101,126.3,5,0.0,
249,Tez Johnson,WR,TB,8,67.70683631746267,4.851558240705848,-57.036067100030735,102,,,0.0,
250,David Njoku,TE,LAC,4,56.499721516888044,4.377759301439145,-57.30870391426653,52,,,0.0,
251,Isaiah Bond,WR,CLE,8,67.07311725676043,4.814316282398888,-57.66978616073298,103,,,0.0,
252,Darnell Washington,TE,PIT,4,55.96671516078216,4.246913927688521,-57.84171027037242,53,,,0.0,
253,Tanner Koziol,TE,JAX,4,55.68425055127739,4.038321738382896,-58.12417487987719,54,,,0.0,
254,Kaden Wetjen,WR,PIT,8,66.36737782455033,4.683859451216194,-58.37552559294308,104,,,0.0,
255,Josh Cuevas,TE,BAL,4,55.407329897220656,4.012990979355409,-58.40109553393392,55,,,0.0,
256,Jaylin Lane,WR,WAS,8,66.12633712416692,4.738102755761381,-58.616566293326485,105,,,0.0,
257,Terrance Ferguson,TE,LA,4,55.12275961261012,4.218211318380781,-58.68566581854446,56,,,0.0,
258,C.J. Daniels,WR,LA,8,65.19972706307293,4.600758787012783,-59.54317635442048,106,,,0.0,
259,Malik Benson,WR,LV,8,65.14138937906125,4.5997458014180586,-59.60151403843216,107,,,0.0,
260,Calvin Ridley,WR,TEN,8,64.87162039299574,4.9504865233418585,-59.87128302449767,108,129.4,9,0.0,
261,Kaleb Johnson,RB,PIT,5,53.25255174270158,4.232874439400393,-59.93501399227623,67,,,0.0,
262,Luke Musgrave,TE,GB,4,53.38619390621283,4.1291600029072795,-60.42223152494174,57,,,0.0,
263,Jalen Nailor,WR,LV,8,64.2524921801142,4.544819433951059,-60.490411237379206,109,159.1,13,0.0,
264,Noah Fant,TE,NO,4,53.166885002468554,4.004246907637315,-60.64154042868602,58,,,0.0,
265,Reggie Virgil,WR,ARI,8,63.625617592949624,4.498846303516085,-61.117285824543785,110,,,0.0,
266,Jack Endries,TE,CIN,4,52.372942232868276,3.7987691701725463,-61.4354831982863,59,,,0.0,
267,Ollie Gordon II,RB,MIA,5,51.662047841611944,3.8279864534595456,-61.525517893365866,68,,,0.0,
268,Eli Heidenreich,RB,PIT,5,51.271770146946295,3.797174317059435,-61.915795588031514,69,,,0.0,
269,Xavier Hutchinson,WR,HOU,8,61.90068869520964,4.42758174172857,-62.84221472228377,111,,,0.0,
270,Geno Smith,QB,NYJ,4,142.751070695539,9.593187802606852,-62.95822051786979,31,186.4,13,0.0,
271,Bam Knight,RB,ARI,5,50.09204422884174,4.146667974452214,-63.095521506136066,70,,,0.0,
272,Mike Evans,WR,SF,8,61.410561948381286,4.679105739003611,-63.33234146911212,112,60.1,8,0.0,
273,Khalil Dinkins,TE,SF,4,50.45548098954861,3.6469239561188127,-63.35294444160596,60,,,0.0,
274,Josh Cameron,WR,JAX,8,61.06496094028816,4.3134531886322955,-63.67794247720525,113,,,0.0,
275,Chris Godwin Jr.,WR,TB,8,60.6596642510744,4.699701639703483,-64.083239166419,114,87.1,10,0.0,
276,Justice Hill,RB,BAL,5,49.0048195175538,3.8945657053571927,-64.18274621742401,71,161.1,13,0.0,
277,Olamide Zaccheaus,WR,ATL,8,60.36766652391332,4.351736424205437,-64.37523689358008,115,,,0.0,
278,Ray Davis,RB,BUF,5,48.757424543864616,3.5969376223993184,-64.4301411911132,72,161.4,7,0.0,
279,J'mari Taylor,RB,JAX,5,48.61287345635407,3.5950315661045606,-64.57469227862373,73,,,0.0,
280,Noah Gray,TE,KC,4,49.18502701357413,3.65323014509657,-64.62339841758045,61,,,0.0,
281,Greg Dulcich,TE,MIA,4,48.931008851555355,4.002282205697644,-64.87741657959921,62,175.2,6,0.0,
282,Jam Miller,RB,NE,5,48.025711610157884,3.559637394524772,-65.16185412481993,74,,,0.0,
283,Darius Slayton,WR,NYG,8,59.28899598476158,4.271842980450343,-65.45390743273182,116,,,0.0,
284,Michael Wortham,WR,JAX,8,59.2236408694958,4.180777046968583,-65.51926254799761,117,,,0.0,
285,Michael Briscoe,WR,MIN,8,58.71439062997368,4.145091774993401,-66.02851278751973,118,,,0.0,
286,Trey Benson,RB,ARI,5,47.00417078906658,4.113404968149173,-66.18339494591123,75,,,0.0,
287,John Michael Gyllenborg,TE,KC,4,47.610333874910744,3.4478281148926833,-66.19809155624384,63,,,0.0,
288,J.Michael Sturdivant,WR,GB,8,58.51489392756651,4.1314371836914106,-66.2280094899269,119,,,0.0,
289,Jeremy McNichols,RB,WAS,5,46.935776802539785,3.5002766194454114,-66.25178893243802,76,,,0.0,
290,Elijah Higgins,TE,ARI,4,47.24415916857636,3.4341997557696238,-66.56426626257822,64,,,0.0,
291,Mitchell Evans,TE,CAR,4,47.16317071663397,3.5077446258080256,-66.6452547145206,65,,,0.0,
292,Kendrick Law,WR,DET,8,57.73099577998304,4.071569022631682,-67.01190763751038,120,,,0.0,
293,Samaje Perine,RB,CIN,5,46.07897562854039,3.445878497150427,-67.10859010643742,77,170.8,6,0.0,
294,Jaydn Ott,RB,KC,5,45.547211008416184,3.3710172225174686,-67.64035472656163,78,,,0.0,
295,Carsen Ryan,TE,CLE,4,45.60623391367629,3.306032097711673,-68.20219151747828,66,,,0.0,
296,Isaac TeSlaa,WR,DET,8,56.132516022455114,4.0532873323727125,-68.61038739503829,121,165.6,6,0.0,
297,Audric Estimé,RB,NO,5,43.83839757712354,3.772379788283149,-69.34916815785428,79,,,0.0,
298,Jahan Dotson,WR,ATL,8,55.347338265336674,3.989355370529059,-69.39556515215673,122,,,0.0,
299,Sean Tucker,RB,TB,5,43.76658323480351,3.2353167950777366,-69.42098250017429,80,,,0.0,
300,Ty Johnson,RB,BUF,5,43.67703362707321,3.2148468468557523,-69.5105321079046,81,176.1,7,0.0,
301,Myles Montgomery,RB,NE,5,43.58446820725801,3.2267741883610848,-69.6030975277198,82,,,0.0,
302,Brian Robinson,RB,ATL,5,43.53201814034435,3.238106868578489,-69.65554759463346,83,163.1,11,0.0,
303,Cash Jones,RB,ATL,5,43.469620976486176,3.2081070629840247,-69.71794475849163,84,,,0.0,
304,Max Bredeson,RB,MIN,5,43.29391247396967,3.203567876978477,-69.89365326100814,85,,,0.0,
305,Emmanuel Henderson,WR,SEA,8,54.59124833969914,3.8561961491234937,-70.15165507779426,123,,,0.0,
306,Cedric Tillman,WR,CLE,8,54.477002505597845,4.089607903370705,-70.26590091189556,124,,,0.0,
307,Jeremy Ruckert,TE,NYJ,4,43.296000452183634,3.2401368055103847,-70.51242497897094,67,,,0.0,
308,Tyquan Thornton,WR,KC,8,54.08135712199199,4.1275899447705,-70.66154629550141,125,174.9,5,0.0,
309,Elijah Tau-Tolliver,RB,BAL,5,42.29907396711237,3.1319928612589503,-70.88849176786545,86,,,0.0,
310,Dont'e Thornton Jr.,WR,LV,8,53.81771689036687,3.9898333109351016,-70.92518652712654,126,,,0.0,
311,Davis Allen,TE,LA,4,42.81068560650256,3.2467268739089366,-70.99773982465202,68,,,0.0,
312,Elijah Moore,WR,PHI,8,53.546499846092544,4.031938952452675,-71.19640357140086,127,,,0.0,
313,Josh Oliver,TE,MIN,4,42.34164919585777,3.2389013424142603,-71.4667762352968,69,,,0.0,
314,Mack Hollins,WR,NE,8,53.16475984552318,3.8086271913621133,-71.57814357197023,128,,,0.0,
315,LeQuint Allen Jr.,RB,JAX,5,41.15257034171995,3.079097674499974,-72.03499539325786,87,,,0.0,
316,Jalen Tolbert,WR,MIA,8,52.634704599543284,3.8529807077241545,-72.10819881795013,129,,,0.0,
317,Noah Whittington,RB,HOU,5,40.413926330777144,2.9879049564559925,-72.77363940420067,88,,,0.0,
318,Jaylen Wright,RB,MIA,5,39.880697701674734,3.256383566189259,-73.30686803330308,89,,,0.0,
319,Braelon Allen,RB,NYJ,5,38.8424244454828,3.3291165602975044,-74.34514128949502,90,,,0.0,
320,Anthony Smith,WR,DAL,8,50.25691611737662,3.546801145785549,-74.48598730011679,130,,,0.0,
321,Robert Henry,RB,WAS,5,38.550034455294416,2.8502511386777547,-74.6375312796834,91,,,0.0,
322,Jalen McMillan,WR,TB,8,49.63940940265201,4.006717221567718,-75.1034940148414,131,141.4,10,0.0,
323,Van Jefferson,WR,WAS,8,49.51574522339239,3.575657125247949,-75.22715819410101,132,,,0.0,
324,Marquise Brown,WR,PHI,8,49.36011445811576,3.638569828980071,-75.38278895937765,133,,,0.0,
325,Roman Hemby,RB,LV,5,37.69296802539783,2.7887248210959372,-75.49459770957998,92,,,0.0,
326,Miles Davis,RB,CAR,5,37.28286864776341,2.7568008565962767,-75.9046970872144,93,,,0.0,
327,Kendre Miller,RB,NO,5,37.24709492916109,3.2136657613386292,-75.94047080581672,94,,,0.0,
328,Drew Sample,TE,CIN,4,37.76837636050816,2.8955967185322615,-76.04004907064642,70,,,0.0,
329,Austin Hooper,TE,ATL,4,37.71230772988005,2.8044115965402305,-76.09611770127452,71,,,0.0,
330,Isaiah Williams,WR,NYJ,8,48.332399191487575,3.545192650987743,-76.41050422600583,134,,,0.0,
331,Velus Jones Jr.,RB,SEA,5,36.06739057189809,3.23680771370538,-77.12017516307972,95,,,0.0,
332,Jaydon Blue,RB,DAL,5,36.03183620183601,3.046840785054976,-77.1557295331418,96,160.1,14,0.0,
333,Ben Sinnott,TE,WAS,4,36.51994713157628,2.9606093213930627,-77.28847829957829,72,,,0.0,
334,Treylon Burks,WR,WAS,8,47.346445436053415,3.7548888476523854,-77.39645798144,135,,,0.0,
335,Michael Carter,RB,TEN,5,35.68752748888813,2.875159864788822,-77.50003824608967,97,,,0.0,
336,Chris Rodriguez Jr.,RB,JAX,5,35.612989798739136,2.859446301697171,-77.57457593623867,98,159.8,7,0.0,
337,Adam Trautman,TE,DEN,4,36.18418423608872,2.731469837548695,-77.62424119506585,73,,,0.0,
338,Isiah Pacheco,RB,DET,5,35.46761915031567,2.813223487905676,-77.71994658466214,99,148.5,6,0.0,
339,Christian Kirk,WR,SF,8,46.94434906961473,3.5555329119491272,-77.79855434787868,136,173.4,8,0.0,
340,John Metchie III,WR,CAR,8,46.85890956722434,3.475715704804363,-77.88399385026906,137,114.9,5,0.0,
341,Devaughn Vele,WR,NO,8,46.80402167818261,3.5607701425780953,-77.9388817393108,138,,,0.0,
342,Jake Tonges,TE,SF,4,35.86024172190628,2.9183576826062056,-77.9481837092483,74,,,0.0,
343,Chip Trayanum,RB,NYJ,5,35.1172751906531,2.5964602740175473,-78.0702905443247,100,,,0.0,
344,Jackson Hawes,TE,BUF,4,35.269720805748996,2.640355867046557,-78.53870462540559,75,,,0.0,
345,Emanuel Wilson,RB,SEA,5,34.422328806139696,2.53798135883765,-78.7652369288381,101,,,0.0,
346,Desmond Reid,RB,BUF,5,34.306673552442774,2.53432540614766,-78.88089218253504,102,,,0.0,
347,Arian Smith,WR,NYJ,8,45.76102282964624,3.330403156473196,-78.98188058784717,139,,,0.0,
348,Jordan James,RB,SF,5,34.14737629917281,3.102222606742055,-79.04018943580499,103,156.0,8,0.0,
349,Jaleel McLaughlin,RB,DEN,5,33.68496187546318,2.740346738248584,-79.50260385951464,104,,,0.0,
350,Demarcus Robinson,WR,SF,8,45.13579462035578,3.2364849955280186,-79.60710879713763,140,,,0.0,
351,Dontae McMillan,RB,BAL,5,33.48561894788724,2.474739836685098,-79.70194678709058,105,,,0.0,
352,Ryan Flournoy,WR,DAL,8,44.92028968684056,3.281325118067402,-79.82261373065285,141,,,0.0,
353,John Bates,TE,WAS,4,33.84022379167743,2.63562101147841,-79.96820163947714,76,,,0.0,
354,Dyami Brown,WR,WAS,8,44.223998388334486,3.287542872696151,-80.51890502915893,142,,,0.0,
355,Chris Brooks,RB,GB,5,32.53246905219848,2.4446795829732237,-80.65509668277933,106,,,0.0,
356,Jerome Ford,RB,WAS,5,32.49423811226519,2.514631431389159,-80.69332762271262,107,,,0.0,
357,Jordan Whittington,WR,LA,8,43.85058504493134,3.1622768284308407,-80.89231837256207,143,,,0.0,
358,Tanner Hudson,TE,CIN,4,32.45326499332689,2.5545751311182365,-81.35516043782769,77,,,0.0,
359,Luke Schoonmaker,TE,DAL,4,32.283761049642145,2.426136611096214,-81.52466438151242,78,,,0.0,
360,JuJu Smith-Schuster,WR,NYG,8,42.88031657445592,3.057323497306383,-81.86258684303749,144,,,0.0,
361,Grant Calcaterra,TE,PHI,4,31.84901901955912,2.4927987709148094,-81.95940641159545,79,,,0.0,
362,Kentrel Bullock,RB,CIN,5,31.110159736880043,2.3007730807292552,-82.07740599809776,108,,,0.0,
363,Tyler Higbee,TE,LA,4,30.58887089263664,2.456884523621374,-83.21955453851794,80,,,0.0,
364,Tyler Shough,QB,NO,4,122.47598993170473,8.48361454262431,-83.23330128170406,32,136.8,8,0.0,
365,Luke Farrell,TE,SF,4,30.06728538532312,2.2788613342229866,-83.74114004583146,81,,,0.0,
366,Luke McCaffrey,WR,WAS,8,39.986068314875645,3.0539654010425674,-84.75683510261777,145,,,0.0,
367,Kendrick Bourne,WR,ARI,8,39.94072025170815,2.905229856961926,-84.80218316578527,146,,,0.0,
368,KaVontae Turpin,WR,DAL,8,39.128897979838605,2.7889813513815946,-85.61400543765481,147,,,0.0,
369,AJ Dillon,RB,CAR,5,27.558153556351808,2.465196434732621,-85.629412178626,109,,,0.0,
370,DJ Giddens,RB,IND,5,27.46262328045016,2.3208810120559114,-85.72494245452765,110,,,0.0,
371,Brock Purdy,QB,SF,4,119.73679199190764,8.449539678626607,-85.97249922150115,33,81.4,8,0.0,
372,Tyler Badie,RB,DEN,5,27.06123676678166,2.107566390779249,-86.12632896819615,111,,,0.0,
373,Cade Stover,TE,HOU,4,27.614426037359756,2.2500606187567684,-86.19399939379483,82,,,0.0,
374,Tory Horton,WR,SEA,8,38.530785230539074,2.938739339394533,-86.21211818695434,148,167.0,11,0.0,
375,Josh Whyle,TE,GB,4,27.526239874223286,2.231463428792095,-86.2821855569313,83,,,0.0,
376,Savion Williams,WR,GB,8,38.414402436663195,2.819891180785303,-86.32850098083021,149,,,0.0,
377,Mo Alie-Cox,TE,IND,4,27.33529075228447,2.1034149599741268,-86.47313467887011,84,,,0.0,
378,Joe Flacco,QB,CIN,4,118.32151221256366,8.174170779652938,-87.38777900084513,34,,,0.0,
379,Emari Demercado,RB,KC,5,25.667316311849003,2.013102637090917,-87.5202494231288,112,164.2,5,0.0,
380,Zavier Scott,RB,MIN,5,25.45026755190838,2.128209209546304,-87.73729818306943,113,,,0.0,
381,Will Shipley,RB,PHI,5,25.200552999701493,1.9438573715690797,-87.98701273527632,114,,,0.0,
382,Jarquez Hunter,RB,LA,5,25.12905328417592,2.277745992651943,-88.05851245080189,115,,,0.0,
383,Daniel Bellinger,TE,TEN,4,25.682294888951596,1.9531920673979792,-88.12613054220299,85,,,0.0,
384,Konata Mumpfield,WR,LA,8,36.36125756276298,2.720125330476246,-88.38164585473044,150,,,0.0,
385,Tank Dell,WR,HOU,8,36.199293063851115,3.048783892341214,-88.5436103536423,151,155.1,8,0.0,
386,Odell Beckham Jr.,WR,NYG,8,36.11669749995907,2.5854115067396,-88.62620591753434,152,,,0.0,
387,Rasheen Ali,RB,BAL,5,23.955357656363557,1.8771913941942917,-89.23220807861425,116,,,0.0,
388,Kalif Raymond,WR,CHI,8,35.47794267782646,2.557193327805562,-89.26496073966695,153,,,0.0,
389,Isaac Guerendo,RB,SF,5,23.633250437117763,1.945678617699427,-89.55431529786004,117,,,0.0,
390,Brock Wright,TE,DET,4,24.00846681167516,1.9290061327273713,-89.79995861947941,86,,,0.0,
391,Hunter Luepke,RB,DAL,5,23.329409026534044,1.7879549069280625,-89.85815670844377,118,,,0.0,
392,DeeJay Dallas,RB,JAX,5,23.128662883159752,1.9480992866355558,-90.05890285181806,119,,,0.0,
393,Roschon Johnson,RB,CHI,5,22.912095494166927,1.9371148569047139,-90.27547024081088,120,,,0.0,
394,Hunter Long,TE,JAX,4,23.502888170498984,1.9101230019563937,-90.3055372606556,87,,,0.0,
395,Tutu Atwell,WR,MIA,8,34.18664702467582,2.615089798376267,-90.55625639281759,154,,,0.0,
396,Kylen Granson,TE,TEN,4,23.163000439143598,1.750764048107627,-90.64542499201097,88,,,0.0,
397,Charlie Kolar,TE,LAC,4,22.42448371312361,1.7135115988837002,-91.38394171803097,89,,,0.0,
398,Brevyn Spann-Ford,TE,DAL,4,21.778205335041882,1.6139268946915133,-92.03022009611269,90,,,0.0,
399,Jonathan Mingo,WR,DAL,8,32.66085679447581,2.5937578772621586,-92.08204662301759,155,,,0.0,
400,Lil'Jordan Humphrey,WR,DEN,8,32.64562154902712,2.527049042335683,-92.0972818684663,156,,,0.0,
401,Jimmy Horn Jr.,WR,CAR,8,32.2818033043754,2.41464132872829,-92.46110011311801,157,,,0.0,
402,Kevin Austin Jr.,WR,NO,8,32.056653223160524,2.6019793036340437,-92.68625019433289,158,,,0.0,
403,Adam Thielen,WR,MIN,8,32.03811420758561,2.3319503467912255,-92.7047892099078,159,,,0.0,
404,Jalin Hyatt,WR,NYG,8,32.01016495623449,2.5532945502729647,-92.73273846125892,160,,,0.0,
405,Matthew Hibner,TE,BAL,4,20.949304444543348,1.5164909518910825,-92.85912098661123,91,,,0.0,
406,Mac Jones,QB,SF,4,112.75982861435263,7.929541204526105,-92.94946259905616,35,,,0.0,
407,Roman Wilson,WR,PIT,8,31.74707174471908,2.5413035784154663,-92.99583167277433,161,,,0.0,
408,Ja'Lynn Polk,WR,NO,8,31.54807987463712,2.6672680335011716,-93.19482354285628,162,,,0.0,
409,Phillip Dorsett,WR,LV,8,31.439808305550756,2.794190235250985,-93.30309511194265,163,,,0.0,
410,Malachi Corley,WR,CLE,8,31.245149826446013,2.381329717926774,-93.4977535910474,164,,,0.0,
411,Jawhar Jordan,RB,HOU,5,19.345561451246844,1.788740363317319,-93.84200428373097,121,,,0.0,
412,Foster Moreau,TE,HOU,4,19.819838306482204,1.576872747981814,-93.98858712467236,92,,,0.0,
413,Robbie Ouzts,RB,SEA,5,19.09682888857529,1.633126557298728,-94.09073684640252,122,,,0.0,
414,Tip Reiman,TE,ARI,4,19.625837932126633,1.7108954879642722,-94.18258749902795,93,,,0.0,
415,KeAndre Lambert-Smith,WR,LAC,8,29.92662323446006,2.236241039375788,-94.81628018303334,165,,,0.0,
416,Tahj Brooks,RB,CIN,5,18.25376209338617,1.4172757249598011,-94.93380364159164,123,,,0.0,
417,MarShawn Lloyd,RB,GB,5,18.221107110804173,1.7958863141171684,-94.96645862417364,124,,,0.0,
418,Nate Adkins,TE,DEN,4,18.757307453391252,1.5202341482968933,-95.05111797776333,94,,,0.0,
419,Sione Vaki,RB,DET,5,18.111073790230577,1.5191114610517313,-95.07649194474723,125,,,0.0,
420,Mason Tipton,WR,NO,8,29.557682093624127,2.3114590109918254,-95.18522132386929,166,,,0.0,
421,Tai Felton,WR,MIN,8,29.42799241122183,2.1631392705488386,-95.31491100627159,167,,,0.0,
422,Erick All,TE,CIN,4,18.06536716825133,1.643202904056854,-95.74305826290325,95,,,0.0,
423,Raheim Sanders,RB,CLE,5,17.28613104539759,1.4776912232312573,-95.90143468958021,126,,,0.0,
424,Kyler Murray,QB,MIN,4,109.76267285706733,7.928409111409021,-95.94661835634146,36,143.4,6,0.0,
425,Tyler Conklin,TE,DET,4,17.521637132909007,1.4067225639356127,-96.28678829824557,96,,,0.0,
426,Keaton Mitchell,RB,LAC,5,16.508801865213293,1.3298250753849608,-96.67876386976451,127,156.2,7,0.0,
427,Derius Davis,WR,LAC,8,27.831539557011123,2.070883465444325,-96.91136386048228,168,,,0.0,
428,Xavier Smith,WR,LA,8,27.697607652842432,1.9762630901908587,-97.04529576465097,169,,,0.0,
429,Johnny Mundt,TE,PHI,4,16.24033843955072,1.2307448729257346,-97.56808699160385,97,,,0.0,
430,Tim Patrick,WR,NYJ,8,27.121222063064398,1.9694278487033725,-97.62168135442901,170,,,0.0,
431,Malik Davis,RB,DAL,5,15.55206419185461,1.316315702636204,-97.6355015431232,128,,,0.0,
432,David Moore,WR,CAR,8,26.978287207520108,2.16518826003661,-97.7646162099733,171,,,0.0,
433,Charlie Woerner,TE,ATL,4,15.898518389863396,1.2854278530797094,-97.90990704129118,98,,,0.0,
434,Pierre Strong,RB,GB,5,14.95327408965472,1.373408278420614,-98.23429164532308,129,,,0.0,
435,Andrew Ogletree,TE,IND,4,15.452667348636938,1.1961833481613073,-98.35575808251764,99,,,0.0,
436,Tyrell Shavers,WR,BUF,8,26.2913263905284,2.045944836223374,-98.45157702696501,172,,,0.0,
437,Dylan Laube,RB,LV,5,14.585479454644453,1.1138761468458689,-98.60208628033335,130,,,0.0,
438,Nick Westbrook-Ikhine,WR,IND,8,25.83179535074857,1.8872776481274856,-98.91110806674484,173,,,0.0,
439,Jaret Patterson,RB,LAC,5,14.250481227590834,1.278491774022074,-98.93708450738697,131,,,0.0,
440,Ian Thomas,TE,LV,4,14.849660325548856,1.2128707064310948,-98.95876510560572,100,,,0.0,
441,Israel Abanikanda,RB,DAL,5,14.209183403150679,1.4139312327595457,-98.97838233182713,132,,,0.0,
442,Isaiah Hodgins,WR,NYG,8,25.65805393248211,2.1037754474932493,-99.08484948501129,174,,,0.0,
443,E.J. Smith,RB,KC,5,14.078676659018813,1.0413339286201582,-99.108889075959,133,,,0.0,
444,Payne Durham,TE,TB,4,14.69012487051044,1.1970510119489766,-99.11830056064413,101,,,0.0,
445,Laquon Treadwell,WR,IND,8,25.486395110218034,2.096658454085183,-99.25650830727537,175,,,0.0,
446,Kene Nwangwu,RB,NYJ,5,13.91892641772219,1.1663658453635455,-99.26863931725562,134,,,0.0,
447,Jalen Royals,WR,KC,8,25.21795259526604,2.055206368079866,-99.52495082222737,176,,,0.0,
448,David Sills,WR,TB,8,25.01490559848092,1.923082766449699,-99.72799781901249,177,,,0.0,
449,Gage Larvadain,WR,CLE,8,24.681403093238124,1.7984639364388901,-100.06150032425529,178,,,0.0,
450,Jamari Thrash,WR,CLE,8,24.566684599226594,1.942949978753431,-100.17621881826682,179,,,0.0,
451,Albert Okwuegbunam,TE,LV,4,13.089362378350092,1.2167814630214695,-100.71906305280449,102,,,0.0,
452,Blake Whiteheart,TE,CLE,4,13.041516932010717,1.053928685293817,-100.76690849914385,103,,,0.0,
453,Julian Hill,TE,NE,4,12.974665095163948,0.9998290480281381,-100.83376033599063,104,,,0.0,
454,Kalel Mullings,RB,TEN,5,12.18167234599834,1.0418837286705478,-101.00589338897947,135,,,0.0,
455,Cameron Latu,TE,PHI,4,12.781969656296425,1.0496894803489956,-101.02645577485815,105,,,0.0,
456,C.J. Donaldson,RB,NO,5,12.131048333873773,0.899332787280345,-101.05651740110403,136,,,0.0,
457,Lucas Krull,TE,DEN,4,12.74559991400843,1.1103657394635562,-101.06282551714614,106,,,0.0,
458,Brycen Tremayne,WR,CAR,8,23.431464176474535,1.747413690999769,-101.31143924101887,180,,,0.0,
459,Jelani Woods,TE,NYJ,4,12.474628366135347,1.1424780696893653,-101.33379706501923,107,,,0.0,
460,Julius Chestnut,RB,TEN,5,11.53905101214626,0.8734411475861243,-101.64851472283155,137,,,0.0,
461,Jalen Reagor,WR,MIA,8,23.044794543410895,2.0008012167044953,-101.69810887408252,181,,,0.0,
462,Quintin Morris,TE,JAX,4,11.929565045604358,0.9305723986054831,-101.87886038555021,108,,,0.0,
463,Jaren Kanak,TE,TEN,4,11.827898105216809,0.8578102159763947,-101.98052732593777,109,,,0.0,
464,Darius Cooper,WR,PHI,8,22.59260410588974,1.7566973094202087,-102.15029931160367,182,,,0.0,
465,Anthony Hankerson,RB,MIA,5,11.031241645303881,0.8174237655772372,-102.15632408967393,138,,,0.0,
466,Corey Kiner,RB,ARI,5,11.027782611644605,0.9421273015764934,-102.1597831233332,139,,,0.0,
467,Greg Dortch,WR,DET,8,22.519739060360283,1.6472424858449386,-102.22316435713313,183,,,0.0,
468,Jared Wiley,TE,KC,4,11.467949296366005,1.0488426377044913,-102.34047613478857,110,,,0.0,
469,Dameon Pierce,RB,PHI,5,10.822796976388107,0.9388593031171861,-102.3647687585897,140,,,0.0,
470,Eric Gray,RB,NYG,5,10.809058511424297,0.974227353102304,-102.37850722355351,141,,,0.0,
471,Durham Smythe,TE,BAL,4,11.299664044800837,0.903751470083107,-102.50876138635374,111,,,0.0,
472,Riley Nowakowski,TE,PIT,4,11.007268962123884,0.7970399688232227,-102.80115646903069,112,,,0.0,
473,Ty Chandler,RB,NO,5,10.369878084095335,0.9053267371528028,-102.81768765088248,142,,,0.0,
474,David Martin-Robinson,TE,TEN,4,10.860427315991299,0.8672445621324891,-102.94799811516327,113,,,0.0,
475,Josh Kattus,TE,CIN,4,10.55118460885463,0.7652706748541993,-103.25724082229995,114,,,0.0,
476,Jacoby Brissett,QB,ARI,4,102.33795509434742,7.067203136001993,-103.37133611906137,37,,,0.0,
477,Evan Hull,RB,HOU,5,9.746015514927715,0.8756864778438147,-103.44155022005009,143,,,0.0,
478,Eric Saubert,TE,SEA,4,10.338054822154026,0.813201142527279,-103.47037060900055,115,,,0.0,
479,Tyler Johnson,WR,DAL,8,21.197458046796328,1.6248188261776417,-103.54544537069708,184,,,0.0,
480,Justin Watson,WR,HOU,8,21.105920879000326,1.6967510165211923,-103.63698253849309,185,,,0.0,
481,Casey Washington,WR,ATL,8,21.050832407546512,1.753989338183543,-103.6920710099469,186,,,0.0,
482,George Holani,RB,SEA,5,9.465103054936717,0.7919759591784598,-103.72246268004109,144,,,0.0,
483,Josh Pitsenberger,RB,HOU,5,9.45987417206129,0.7007510816420103,-103.72769156291652,145,,,0.0,
484,Mecole Hardman,WR,BUF,8,21.0048344715252,1.734818404042437,-103.73806894596821,187,,,0.0,
485,Damien Martinez,RB,GB,5,8.892629745017654,0.8076442937142675,-104.29493598996015,146,,,0.0,
486,Brevin Jordan,TE,HOU,4,9.428129663874508,0.8848937783118244,-104.38029576728007,116,,,0.0,
487,Terrell Jennings,RB,NE,5,8.806771428161166,0.7837277686199928,-104.38079430681664,147,,,0.0,
488,R.J. Maryland,TE,GB,4,9.038064708745237,0.6557427528785303,-104.77036072240934,117,,,0.0,
489,Tanner Conner,TE,NYG,4,8.918658574302816,0.7363815105690832,-104.88976685685176,118,,,0.0,
490,Jack Stoll,TE,CLE,4,8.776466963236828,0.7127529018722404,-105.03195846791775,119,,,0.0,
491,British Brooks,RB,HOU,5,8.142380424916396,0.7028291891170729,-105.04518531006141,148,,,0.0,
492,Travis Homer,RB,PIT,5,8.136007873609868,0.6822494214192288,-105.05155786136794,149,,,0.0,
493,Ronnie Rivers,RB,LA,5,7.870113227599875,0.6847482841060142,-105.31745250737794,150,,,0.0,
494,Gavin Bartholomew,TE,MIN,4,8.398452290584054,0.7340672387710738,-105.40997314057051,120,,,0.0,
495,Amar Johnson,RB,LAC,5,7.762944387811373,0.6932464624270097,-105.42462134716644,151,,,0.0,
496,Phil Mafah,RB,DAL,5,7.708743054617012,0.6880770381845223,-105.47882268036079,152,,,0.0,
497,Dean Connors,RB,LA,5,7.671042239503775,0.5681684185369816,-105.51652349547403,153,,,0.0,
498,Davon Booth,RB,CLE,5,7.635001047460371,0.5645421507530574,-105.55256468751745,154,,,0.0,
499,Jamal Haynes,RB,CIN,5,7.615024879313648,0.5634815271316629,-105.57254085566416,155,,,0.0,
500,Tyler Goodson,RB,ATL,5,7.6035982218916445,0.6090622163366572,-105.58396751308617,156,,,0.0,
501,Devontez Walker,WR,BAL,8,19.13497514028169,1.5316848301287505,-105.60792827721173,188,,,0.0,
502,Stone Smartt,TE,PHI,4,8.131733233387322,0.6747449692792582,-105.67669219776725,121,,,0.0,
503,Mitchell Tinsley,WR,CIN,8,19.048734322618454,1.5389660430812706,-105.69416909487495,189,,,0.0,
504,James Mitchell,TE,CAR,4,8.065982299026654,0.7398634939082043,-105.74244313212792,122,,,0.0,
505,Jaden Nixon,RB,GB,5,7.4171547937732365,0.5488144347286994,-105.77041094120457,157,,,0.0,
506,Nate Carter,RB,ATL,5,7.4115766348322785,0.6514782308122672,-105.77598910014554,158,,,0.0,
507,Will Mallory,TE,IND,4,7.997991127617959,0.7185678805203279,-105.81043430353661,123,,,0.0,
508,Jalen Brooks,WR,ARI,8,18.92516134570569,1.512458016026727,-105.81774207178772,190,,,0.0,
509,Kadarius Calloway,RB,TB,5,7.302895161908018,0.5400045606956829,-105.8846705730698,159,,,0.0,
510,Theo Wease Jr.,WR,MIA,8,18.83580499283909,1.5134224701441148,-105.90709842465432,191,136.4,6,0.0,
511,Anthony Tyus III,RB,CAR,5,7.241187704412932,0.6566196770387528,-105.94637803056487,160,,,0.0,
512,Gary Brightwell,RB,CIN,5,7.217076108240862,0.6835785600815183,-105.97048962673695,161,,,0.0,
513,Coleman Bennett,RB,CHI,5,7.133725096196547,0.5278641938921098,-106.05384063878127,162,,,0.0,
514,Jackson Acker,RB,BUF,5,7.127043624436191,0.5273452985397192,-106.06052211054161,163,,,0.0,
515,Damon Bankston,RB,NYG,5,7.11903748425548,0.5270898338230081,-106.06852825072232,164,,,0.0,
516,Jacob Saylors,RB,DET,5,7.105269258835018,0.5947460755701591,-106.08229647614279,165,,,0.0,
517,Scott Matlock,RB,LAC,5,7.051782199402454,0.698362466341708,-106.13578353557536,166,,,0.0,
518,Tua Tagovailoa,QB,ATL,4,99.5589332373517,6.844074503097933,-106.1503579760571,38,,,0.0,
519,Ben Yurosek,TE,MIN,4,7.630925181907339,0.615917182355178,-106.17750024924723,124,,,0.0,
520,Jordan Watkins,WR,SF,8,18.526707637732194,1.5077016528102933,-106.21619577976122,192,,,0.0,
521,Sam Scott,RB,NYJ,5,6.9704076790507585,0.5159022929912602,-106.21715805592706,167,,,0.0,
522,D.J. Herman,RB,MIA,5,6.922242791159289,0.5119184231092894,-106.26532294381852,168,,,0.0,
523,Kendall Milton,RB,CIN,5,6.907849847090665,0.6745255856834262,-106.27971588788715,169,,,0.0,
524,Anthony Firkser,TE,WAS,4,7.48890126297267,0.648794419896799,-106.3195241681819,125,,,0.0,
525,Anderson Castle,RB,IND,5,6.656586362635019,0.4922039904198802,-106.53097937234278,170,,,0.0,
526,Anthony Gould,WR,IND,8,18.17214110399613,1.3833894949025551,-106.57076231349728,193,,,0.0,
527,Lew Nichols III,RB,PIT,5,6.561121199727125,0.6400276180713743,-106.62644453525068,171,,,0.0,
528,Jacardia Wright,RB,SEA,5,6.557963967063328,0.5832283994630465,-106.62960176791448,172,,,0.0,
529,Jahdae Walker,WR,CHI,8,18.102621429320877,1.4086704937186858,-106.64028198817253,194,,,0.0,
530,Marquez Valdes-Scantling,WR,DAL,8,18.08082924009287,1.370480322272002,-106.66207417740054,195,,,0.0,
531,Keleki Latu,TE,BUF,4,7.008568121360449,0.587435347603976,-106.79985730979412,126,,,0.0,
532,Michael Burton,RB,CLE,5,6.37670515027006,0.620599587752055,-106.81086058470775,173,,,0.0,
533,Harrison Bryant,TE,SEA,4,6.950517313526916,0.5915811647063572,-106.85790811762766,127,,,0.0,
534,Brady Russell,RB,SEA,5,6.302673658018135,0.5154200132034295,-106.88489207695967,174,,,0.0,
535,Colson Yankoff,TE,WAS,4,6.878129580642145,0.5558146559771444,-106.93029585051244,128,,,0.0,
536,T.J. Harden,RB,CLE,5,6.155700893674919,0.4547380305944987,-107.03186484130289,175,,,0.0,
537,Ahmani Marshall,RB,CLE,5,6.143581103832632,0.5560842922898368,-107.04398463114518,176,,,0.0,
538,Josh Williams,RB,TB,5,6.093788868263343,0.533867144540762,-107.09377686671446,177,,,0.0,
539,Jacob Cowing,WR,SF,8,17.607528154129533,1.4793991110270968,-107.13537526336387,196,,,0.0,
540,Kyle Juszczyk,RB,SF,5,5.98803844430587,0.5818481713016329,-107.19952729067194,178,,,0.0,
541,Cole Turner,TE,MIA,4,6.608262853755472,0.6266452182645622,-107.2001625773991,129,,,0.0,
542,Reggie Gilliam,RB,NE,5,5.91509802603557,0.4791485098694534,-107.27246770894224,179,,,0.0,
543,Brock Lampe,RB,NE,5,5.887694029006232,0.5339161842514065,-107.29987170597158,180,,,0.0,
544,Gregory Desrosiers,RB,LAC,5,5.8377128928427435,0.431271671004755,-107.34985284213506,181,,,0.0,
545,Moliki Matavao,TE,NO,4,6.394135651235152,0.5509929238703511,-107.41428977991943,130,,,0.0,
546,Kye Robichaux,RB,DET,5,5.6574188859723655,0.5125854034266796,-107.53014684900545,182,,,0.0,
547,Lucas Scott,RB,BAL,5,5.657271960233919,0.513396293595373,-107.5302937747439,183,,,0.0,
548,Brenden Bates,TE,CLE,4,6.278063757011601,0.5481485116312307,-107.53036167414297,131,,,0.0,
549,Kejon Owens,RB,MIN,5,5.58387193621589,0.41249550152376174,-107.60369379876192,184,,,0.0,
550,Kameron Johnson,WR,TB,8,17.08865071157333,1.2478050907024953,-107.65425270592007,197,,,0.0,
551,Kenny McIntosh,RB,SEA,5,5.531124425795714,0.5146005337118678,-107.6564413091821,185,,,0.0,
552,Ulysses Bentley IV,RB,IND,5,5.510810065047779,0.4903237950129792,-107.67675566993003,186,,,0.0,
553,Donovan Edwards,RB,MIA,5,5.509983639179252,0.4995796209971498,-107.67758209579856,187,,,0.0,
554,Thomas Fidone II,TE,NYG,4,6.037706727288574,0.5198632097916439,-107.770718703866,132,,,0.0,
555,Le'Veon Moss,RB,MIA,5,5.306709775223357,0.3920207940254549,-107.88085595975446,188,,,0.0,
556,Carter Runyon,TE,LV,4,5.826208332111823,0.48754006262763716,-107.98221709904276,133,,,0.0,
557,Dominic Richardson,RB,DAL,5,5.190259691054592,0.38345759012437214,-107.99730604392322,189,,,0.0,
558,Lincoln Pare,RB,IND,5,5.178770368717038,0.38256956909509937,-108.00879536626077,190,,,0.0,
559,Skyy Moore,WR,GB,8,16.724412821863503,1.222804553009616,-108.01849059562991,198,,,0.0,
560,Ben Sims,TE,MIA,4,5.76805631051508,0.5114246125001113,-108.0403691206395,134,,,0.0,
561,Drake Dabney,TE,GB,4,5.749554469968212,0.49476626667045026,-108.05887096118636,135,,,0.0,
562,Carson Steele,RB,PHI,5,5.097895944211159,0.47162214740535957,-108.08966979076665,191,,,0.0,
563,Devin Culp,TE,TB,4,5.60204624395939,0.49406763104761814,-108.20637918719518,136,,,0.0,
564,Frank Gore Jr.,RB,BUF,5,4.893750795790626,0.4863887358195116,-108.29381493918719,192,,,0.0,
565,Jabari Small,RB,DET,5,4.784438584911334,0.4754115733025955,-108.40312715006648,193,,,0.0,
566,Cody Hardy,TE,NO,4,5.40023222492186,0.3915539158770002,-108.40819320623271,137,,,0.0,
567,Kenny Fletcher,TE,TB,4,5.326906794501376,0.3862600291759109,-108.48151863665319,138,,,0.0,
568,Lance Mason,TE,SEA,4,5.275966708977274,0.38248863159297586,-108.5324587221773,139,,,0.0,
569,Dae'Quan Wright,TE,PHI,4,5.191284948076446,0.37635151836367187,-108.61714048307813,140,,,0.0,
570,Elijah Mitchell,RB,PHI,5,4.565855176569559,0.4424084037074504,-108.62171055840825,194,,,0.0,
571,Jack Velling,TE,ATL,4,5.185712176115249,0.3759856739112739,-108.62271325503933,141,,,0.0,
572,Lan Larison,RB,NE,5,4.564749176254877,0.4128473982317954,-108.62281655872293,195,,,0.0,
573,Nick Kallerup,TE,SEA,4,5.185399648747326,0.4282252119520788,-108.62302578240725,142,,,0.0,
574,Tanner Arkin,TE,NE,4,5.158437534373674,0.3738943215613564,-108.6499878967809,143,,,0.0,
575,Johnny Pascuzzi,TE,LAC,4,5.157006957320406,0.37337692967241126,-108.65141847383417,144,,,0.0,
576,Evan Svoboda,TE,LAC,4,5.152645805198726,0.37337692967241126,-108.65577962595584,145,,,0.0,
577,Max Hurleman,RB,PIT,5,4.530771909449996,0.4097906381922218,-108.65679382552781,196,,,0.0,
578,Cam Grandy,TE,CIN,4,5.136503248595307,0.4618362153740907,-108.67192218255927,146,,,0.0,
579,Teagan Quitoriano,TE,ARI,4,5.090340043206971,0.467433989365114,-108.71808538794761,147,,,0.0,
580,Jordan Waters,RB,LA,5,4.4157437638631745,0.39878501902637664,-108.77182197111463,197,,,0.0,
581,Jameson Geers,TE,ARI,4,5.022614355737492,0.36384200647635656,-108.78581107541709,148,,,0.0,
582,Lake McRee,TE,PIT,4,5.012993400051961,0.36305618618642677,-108.79543203110262,149,,,0.0,
583,Ethan Conner,TE,JAX,4,4.9421937611887765,0.35812977596023327,-108.8662316699658,150,,,0.0,
584,Brayden Willis,TE,SF,4,4.881075463046693,0.4127860213177623,-108.92734996810788,151,,,0.0,
585,Patrick Gurd,TE,LV,4,4.857910117692992,0.351639615975422,-108.95051531346158,152,,,0.0,
586,Dan Villari,TE,LA,4,4.837400933766885,0.3502768632785821,-108.97102449738769,153,,,0.0,
587,Zaire Mitchell-Paden,TE,NO,4,4.833629544552835,0.43662216853519825,-108.97479588660174,154,,,0.0,
588,Layne Pryor,TE,HOU,4,4.831497724014778,0.3500010988127537,-108.9769277071398,155,,,0.0,
589,Jordan Mims,RB,SF,5,4.155626095024967,0.3861174545078764,-109.03193963995284,198,,,0.0,
590,Patrick Taylor,RB,SF,5,3.9194704305856143,0.3713315920592326,-109.26809530439219,199,,,0.0,
591,Chris Collier,RB,LV,5,3.90791229927346,0.37369935588504316,-109.27965343570435,200,,,0.0,
592,Hayden Large,TE,CHI,4,4.442452979928934,0.3215983416005952,-109.36597245122564,156,,,0.0,
593,Jack Westover,RB,NE,5,3.801880135632865,0.3756822377140176,-109.38568559934494,201,,,0.0,
594,CJ Dippre,TE,NE,4,4.284962377229571,0.37389432156135644,-109.523463053925,157,,,0.0,
595,Connor Heyward,TE,LV,4,4.188995632841388,0.3963399060040181,-109.61942979831319,158,,,0.0,
596,Tre Watson,TE,KC,4,4.17746504610677,0.3647939270604374,-109.6309603850478,159,,,0.0,
597,Jake Briningstool,TE,KC,4,4.176345112310521,0.3647939270604374,-109.63208031884406,160,,,0.0,
598,Rivaldo Fairweather,TE,ARI,4,4.168200479963932,0.3638420064763566,-109.64022495119065,161,,,0.0,
599,Cody Schrader,RB,DEN,5,3.520797557916716,0.3460549676726493,-109.66676817706109,202,,,0.0,
600,Bryson Nesbit,TE,MIN,4,4.028001912306167,0.3517145417837168,-109.78042351884841,162,,,0.0,
601,Gunner Olszewski,WR,NYG,8,14.93910263453341,1.107176919080199,-109.80380078296,199,,,0.0,
602,Scott Miller,WR,CHI,8,14.936307476508283,1.2174920755655998,-109.80659594098512,200,,,0.0,
603,Ashton Dulin,WR,IND,8,14.915362210455577,1.1025806700034568,-109.82754120703783,201,,,0.0,
604,Zach Horton,TE,DET,4,3.840697994987725,0.33546508201362235,-109.96772743616685,163,,,0.0,
605,Dallen Bentley,TE,DEN,4,3.7956834962461583,0.27444950820405417,-110.01274193490842,164,,,0.0,
606,Mark Redman,TE,LA,4,3.7369720336873407,0.3259293024599575,-110.07145339746724,165,,,0.0,
607,Dante Miller,RB,NYG,5,3.1132158933693748,0.305790869701534,-110.07434984160844,203,,,0.0,
608,Sincere McCormick,RB,SF,5,3.0762492640318544,0.2977896820835183,-110.11131647094595,204,,,0.0,
609,Quentin Moore,TE,WAS,4,3.6446682396574053,0.26344195854713753,-110.16375719149717,166,,,0.0,
610,Rohan Jones,TE,LA,4,3.622883146137887,0.2621491046714999,-110.1855422850167,167,,,0.0,
611,D.J. Rogers,TE,DAL,4,3.622448009435302,0.2621412306717894,-110.18597742171927,168,,,0.0,
612,Brittain Brown,RB,CHI,5,2.96883317981861,0.2825424551034139,-110.21873255515919,205,,,0.0,
613,C.J. Ham,RB,MIN,5,2.916643560617098,0.2847133804297362,-110.2709221743607,206,,,0.0,
614,Beaux Collins,WR,NYG,8,14.468260484491143,1.151528673749881,-110.27464293300227,202,,,0.0,
615,Wesley Grimes,WR,SF,8,14.398750415283473,1.0179483807080996,-110.34415300220994,203,,,0.0,
616,Parris Campbell,WR,DAL,8,14.398116665433273,1.2470741220357475,-110.34478675206013,204,,,0.0,
617,Adam Prentice,RB,DEN,5,2.821550096180618,0.2774231948320119,-110.3660156387972,207,,,0.0,
618,Cameron Dorner,WR,NE,8,14.360584416344384,1.0151680877037856,-110.38231900114903,205,,,0.0,
619,Caleb Lohner,TE,DEN,4,3.3306863124540866,0.29034555501287307,-110.47773911870048,169,,,0.0,
620,Danny Gray,WR,PHI,8,14.206311196123057,1.276564703220849,-110.53659222137036,206,,,0.0,
621,Jaheim Bell,TE,PIT,4,3.2623983234666434,0.30344932530260904,-110.54602710768793,170,,,0.0,
622,Carson Towt,TE,IND,4,3.1880056342480705,0.23060355216851566,-110.6204197969065,171,,,0.0,
623,Ko Kieft,TE,TB,4,3.074987162904002,0.27696602368717627,-110.73343826825057,172,,,0.0,
624,Princeton Fant,TE,DAL,4,3.0402688825093067,0.2815895428740912,-110.76815654864527,173,,,0.0,
625,JJ Galbreath,TE,PIT,4,3.0002568265427354,0.2614724383691194,-110.80816860461184,174,,,0.0,
626,Feleipe Franks,TE,CAR,4,2.994523401205158,0.2366813614334671,-110.81390202994942,175,,,0.0,
627,Louis Hansen,TE,HOU,4,2.974936256510977,0.21502849817334313,-110.8334891746436,176,,,0.0,
628,Patrick Herbert,TE,JAX,4,2.7501367122577043,0.23935412337603748,-111.05828871889688,177,,,0.0,
629,Bryce Pierre,TE,CAR,4,2.650383546808462,0.23077713932255314,-111.15804188434612,178,,,0.0,
630,LaJohntay Wester,WR,BAL,8,13.557230711576468,0.9790526740735429,-111.18567270591694,207,,,0.0,
631,Johnny Wilson,WR,PHI,8,13.491356672877728,1.159471824270966,-111.25154674461568,208,,,0.0,
632,Cedrick Wilson Jr.,WR,DET,8,13.48032949862188,1.0551669903486172,-111.26257391887152,209,,,0.0,
633,Xavier Weaver,WR,ARI,8,13.457213678287163,1.0931924079004818,-111.28568973920625,210,,,0.0,
634,Devin Duvernay,WR,ARI,8,13.41379627909172,0.9522752705982125,-111.3291071384017,211,,,0.0,
635,Joel Wilson,TE,TEN,4,2.44079484922673,0.2315753244616182,-111.36763058192784,179,,,0.0,
636,E.J. Jenkins,TE,PHI,4,2.4338137960182893,0.22408638159944708,-111.37461163513629,180,,,0.0,
637,Joshua Simon,TE,ATL,4,2.4037003255084524,0.2092409575860907,-111.40472510564612,181,,,0.0,
638,Treyton Welch,TE,NO,4,2.3613445523347134,0.22428239080842433,-111.44708087881986,182,,,0.0,
639,Lawrence Cager,TE,WAS,4,2.277098048691257,0.21484868852754638,-111.53132738246332,183,,,0.0,
640,Chase Curtis,TE,NYJ,4,2.2494025985113795,0.1624622155846696,-111.5590228326432,184,,,0.0,
641,Alec Ingold,RB,LAC,5,1.6121526755494775,0.15833965094787697,-111.57541305942833,208,,,0.0,
642,Simi Fehoko,WR,ARI,8,13.015957442022414,1.0367301087474952,-111.726945975471,212,,,0.0,
643,Messiah Swinson,TE,GB,4,1.9925719074830215,0.18898622845695368,-111.81585352367155,185,,,0.0,
644,Nikola Kalinic,TE,CHI,4,1.9225544207499912,0.1755196462314649,-111.88587101040459,186,,,0.0,
645,Chris Manhertz,TE,NYG,4,1.8508428680154734,0.15672170544484376,-111.9575825631391,187,,,0.0,
646,Qadir Ismail,TE,CHI,4,1.8034430041449143,0.17099029941956997,-112.00498242700967,188,,,0.0,
647,Andrew Beck,RB,NYJ,5,1.1692493947196605,0.11480347691681368,-112.01831634025815,209,,,0.0,
648,Ben VanSumeren,RB,BUF,5,1.1635875117589536,0.10496580164520504,-112.02397822321886,210,,,0.0,
649,Braxton Berrios,WR,NYG,8,12.60973453788284,1.0377689054977082,-112.13316887961057,213,,,0.0,
650,Sean McKeon,TE,IND,4,1.6050494099988097,0.1515446444835173,-112.20337602115576,189,,,0.0,
651,Robert Tonyan,TE,PIT,4,1.4840138163215326,0.13480754639508352,-112.32441161483304,190,,,0.0,
652,Ben Skowronek,WR,PIT,8,12.373783054489834,0.8943651350551428,-112.36912036300357,214,,,0.0,
653,Stephen Carlson,TE,CHI,4,1.428124862154111,0.1345663783259826,-112.38030056900047,191,,,0.0,
654,Shane Zylstra,TE,BUF,4,1.4004928860752022,0.12847597122925847,-112.40793254507938,192,,,0.0,
655,Patrick Ricard,RB,NYG,5,0.6751636724792235,0.0582863552994002,-112.51240206249858,211,,,0.0,
656,Salvon Ahmed,RB,CHI,5,0.6739532599400035,0.06653483793814184,-112.5136124750378,212,,,0.0,
657,Marcus Sanders,WR,MIN,8,12.220191935990043,0.8641920108058012,-112.52271148150336,215,,,0.0,
658,Bub Means,WR,NO,8,12.210223484116044,1.0791075363437246,-112.53267993337737,216,,,0.0,
659,Treyvhon Saunders,WR,HOU,8,12.178702542900739,0.8611185277045522,-112.56420087459267,217,,,0.0,
660,Hayden Rucci,TE,SF,4,1.2370594182079793,0.11560357460873824,-112.5713660129466,193,,,0.0,
661,Carlos Washington,RB,MIA,5,0.5797591692400825,0.057234711073344394,-112.60780656573773,213,,,0.0,
662,Kobe Prentice,WR,CAR,8,11.754261490322074,0.8309929376586835,-112.98864192717133,218,,,0.0,
663,Charlie Jones,WR,CIN,8,11.728354440749147,0.868363419673983,-113.01454897674427,219,,,0.0,
664,Camden Brown,WR,DAL,8,11.57160409319654,0.8181905199703442,-113.17129932429687,220,,,0.0,
665,Justin Shorter,WR,LV,8,11.394568203714176,0.9778290592291696,-113.34833521377924,221,,,0.0,
666,Thomas Gordon,TE,DET,4,0.37647006791864457,0.03275905676574823,-113.43195536323593,194,,,0.0,
667,Lewis Bond,WR,HOU,8,11.220048347110831,0.7926871480896962,-113.52285507038258,222,,,0.0,
668,Shedeur Sanders,QB,CLE,4,92.09076690510842,6.5264228930646855,-113.61852430830037,39,,,0.0,
669,C.J. Williams,WR,JAX,8,11.066034671320917,0.7814028684233831,-113.67686874617249,223,,,0.0,
670,Trey Palmer,WR,NO,8,10.947940523124254,0.9200777815787027,-113.79496289436915,224,,,0.0,
671,Rashad Rochelle,WR,SEA,8,10.89755911941007,0.770485155585459,-113.84534429808333,225,,,0.0,
672,Dylan Drummond,WR,ATL,8,10.889552727425029,0.9019758564335233,-113.85335069006838,226,,,0.0,
673,Tyler Scott,WR,LA,8,10.523763161639092,0.9312760745749856,-114.21914025585431,227,,,0.0,
674,Terrace Marshall Jr.,WR,MIA,8,10.49387042262826,0.9220179003134962,-114.24903299486515,228,,,0.0,
675,Xavier Restrepo,WR,TEN,8,10.366552456014075,0.8438145186329808,-114.37635096147933,229,,,0.0,
676,Tylan Wallace,WR,CLE,8,10.363564636555658,0.7771665030258443,-114.37933878093776,230,,,0.0,
677,Myles Price,WR,MIN,8,10.324024059349371,0.7338591305872488,-114.41887935814404,231,,,0.0,
678,Ainias Smith,WR,CAR,8,9.971563158888863,0.8861714585965157,-114.77134025860454,232,,,0.0,
679,Omari Evans,WR,KC,8,9.69238895489233,0.6851103833555532,-115.05051446260109,233,,,0.0,
680,Nikko Remigio,WR,KC,8,9.563575861085697,0.7131639426292321,-115.17932755640771,234,,,0.0,
681,Austin Trammell,WR,JAX,8,9.520933367428773,0.7835313429787839,-115.22197005006464,235,,,0.0,
682,Jimmy Kibble,WR,NE,8,9.405692605347234,0.6648309197698132,-115.33721081214617,236,,,0.0,
683,Britain Covey,WR,PHI,8,9.008572298297471,0.7280951874007944,-115.73433111919594,237,,,0.0,
684,Efton Chism III,WR,NE,8,8.986006834588352,0.6844786323434865,-115.75689658290506,238,,,0.0,
685,Jeff Caldwell,WR,KC,8,8.984382694203749,0.6346069059374924,-115.75852072328966,239,,,0.0,
686,Xavier Loyd,WR,KC,8,8.984191231096743,0.6346069059374924,-115.75871218639666,240,,,0.0,
687,Ke'Shawn Williams,WR,CIN,8,8.479437105696938,0.6280120745205521,-116.26346631179646,241,,,0.0,
688,Marcus Mariota,QB,WAS,4,89.27907471199444,6.40935195613169,-116.43021650141435,40,,,0.0,
689,Omari Kelly,WR,CHI,8,8.250045105633987,0.5830621638497168,-116.49285831185942,242,,,0.0,
690,J.J. McCarthy,QB,MIN,4,88.98217882896886,6.498332462312192,-116.72711238443993,41,,,0.0,
691,Michael Penix Jr.,QB,ATL,4,88.91997946538234,6.440460247399079,-116.78931174802645,42,,,0.0,
692,Ryan Miller,WR,NYG,8,7.858472015972816,0.6076108017065054,-116.88443140152059,243,,,0.0,
693,Will Pauling,WR,SF,8,7.779835979402957,0.5495270168006406,-116.96306743809045,244,,,0.0,
694,Tahj Washington,WR,MIA,8,7.6976809138979485,0.6742232342611991,-117.04522250359545,245,,,0.0,
695,Jaden Bradley,WR,WAS,8,7.595356954616127,0.5365230618158202,-117.14754646287729,246,,,0.0,
696,Vinny Anthony,WR,ATL,8,7.5938916587975385,0.5365390578373449,-117.14901175869588,247,,,0.0,
697,Ronnie Bell,WR,NO,8,7.505285151128389,0.6438194749384353,-117.23761826636502,248,,,0.0,
698,Eric Rivers,WR,TB,8,7.450287676242396,0.5260403555813871,-117.29261574125101,249,,,0.0,
699,Malik McClain,WR,NYJ,8,7.403664595572251,0.5227743984175556,-117.33923882192116,250,,,0.0,
700,Jalen Walthall,WR,NYJ,8,7.403559592143938,0.5227743984175556,-117.33934382534947,251,,,0.0,
701,Jake Bobo,WR,SEA,8,7.369951663050344,0.5875837239819585,-117.37295175444306,252,,,0.0,
702,Jerand Bradley,WR,LAC,8,7.200359636041205,0.5084213936928922,-117.54254378145221,253,,,0.0,
703,Quez Watkins,WR,PHI,8,7.135899991399172,0.6402984169260283,-117.60700342609424,254,,,0.0,
704,Ihmir Smith-Marsette,WR,ARI,8,7.131818960340304,0.5978903681591076,-117.61108445715311,255,,,0.0,
705,Tejhaun Palmer,WR,ARI,8,7.125698167173844,0.6416082583729437,-117.61720525031956,256,,,0.0,
706,K.J. Osborn,WR,TEN,8,7.055109635644356,0.6109498699078438,-117.68779378184905,257,,,0.0,
707,Junior Bergen,WR,SF,8,7.004302387991248,0.5849786738701819,-117.73860102950216,258,,,0.0,
708,Jamaal Pritchett,WR,NYJ,8,6.988444651428912,0.5842172296336389,-117.7544587660645,259,,,0.0,
709,Dean Patterson,WR,TB,8,6.976547005524751,0.49245151442507595,-117.76635641196866,260,,,0.0,
710,Donaven McCulley,WR,MIA,8,6.950088455390211,0.4908622053175925,-117.7928149621032,261,,,0.0,
711,Jacob De Jesus,WR,KC,8,6.799042724450334,0.4798450973448065,-117.94386069304308,262,,,0.0,
712,Dalen Cambre,WR,NYG,8,6.797668575004664,0.5460228551012407,-117.94523484248874,263,,,0.0,
713,Devonte Ross,WR,LAC,8,6.7946839819514775,0.4797412617497349,-117.94821943554193,264,,,0.0,
714,Sahmir Hagans,WR,IND,8,6.746083571115531,0.47642018383414686,-117.99681984637787,265,,,0.0,
715,Quentin Skinner,WR,NYJ,8,6.673548453211883,0.549666060261281,-118.06935496428153,266,,,0.0,
716,Chris Hilton,WR,WAS,8,6.6237392979815475,0.46770701686305327,-118.11916411951186,267,,,0.0,
717,Dillon Bell,WR,MIN,8,6.573068917979444,0.4645593017209352,-118.16983449951397,268,,,0.0,
718,Caullin Lacy,WR,NYJ,8,6.286802266977295,0.4436088350923721,-118.45610115051612,269,,,0.0,
719,Jason Brownlee,WR,KC,8,6.230258097984778,0.5360462095460451,-118.51264531950864,270,,,0.0,
720,Jakobie Keeney-James,WR,GB,8,6.226767727199324,0.5119276747927782,-118.51613569029408,271,,,0.0,
721,Mante Morrow,WR,LAC,8,6.188840392645775,0.43672115008454604,-118.55406302484764,272,,,0.0,
722,Noah Thomas,WR,CIN,8,6.179112672245676,0.43678654021051777,-118.56379074524773,273,,,0.0,
723,Kyron Hudson,WR,CHI,8,6.124665549731069,0.43231592282608916,-118.61823786776235,274,,,0.0,
724,Raylen Sharpe,WR,IND,8,6.111459767502329,0.4313329008455887,-118.63144364999108,275,,,0.0,
725,Dominic Lovett,WR,DET,8,6.109505125316281,0.4977109772496786,-118.63339829217713,276,,,0.0,
726,Hank Beatty,WR,TEN,8,6.0957157474805275,0.43077374176436867,-118.64718767001288,277,,,0.0,
727,Sincere Brown,WR,LAC,8,6.069324018710568,0.42824903024792266,-118.67357939878283,278,,,0.0,
728,Jordan Hudson,WR,DAL,8,5.957392500599,0.42106165341808627,-118.78551091689441,279,,,0.0,
729,Kole Wilson,WR,CLE,8,5.954834861222772,0.4209048782999647,-118.78806855627063,280,,,0.0,
730,Shedrick Jackson,WR,LV,8,5.940908609290804,0.5117540813995146,-118.80199480820261,281,,,0.0,
731,Terrill Davis,WR,MIN,8,5.8711104950466515,0.41486189724988126,-118.87179292244676,282,,,0.0,
732,Harrison Wallace,WR,ARI,8,5.865016820285009,0.414323246738745,-118.8778865972084,283,,,0.0,
733,Daniel Sobkowicz,WR,HOU,8,5.852166989564548,0.41320132364483914,-118.89073642792886,284,,,0.0,
734,Samori Toure,WR,PHI,8,5.842943026992406,0.5164086699647031,-118.89996039050101,285,,,0.0,
735,Trayvon Rudolph,WR,MIN,8,5.8060194685679285,0.40982298891621544,-118.93688394892548,286,,,0.0,
736,Jacoby Jones,WR,WAS,8,5.767236966317169,0.47471248270316996,-118.97566645117624,287,,,0.0,
737,Brady Boyd,WR,JAX,8,5.686646526309348,0.401417785397546,-119.05625689118406,288,,,0.0,
738,Trebor Pena,WR,JAX,8,5.447322630291009,0.384428796398865,-119.2955807872024,289,,,0.0,
739,A.T. Perry,WR,PIT,8,5.435830037024207,0.4889557869767667,-119.3070733804692,290,,,0.0,
740,Coleman Owen,WR,IND,8,5.426576479189383,0.4410453456188668,-119.31632693830403,291,,,0.0,
741,Joseph Manjack,WR,DEN,8,5.312191561469041,0.37512872421114224,-119.43071185602437,292,,,0.0,
742,Mike Woods,WR,DEN,8,5.310251031678608,0.46639308957222625,-119.4326523858148,293,,,0.0,
743,Dane Key,WR,DEN,8,5.309324326865763,0.3751287242111422,-119.43357909062765,294,,,0.0,
744,Bryce Oliver,WR,TEN,8,5.304342716601095,0.4471578787917093,-119.43856070089231,295,,,0.0,
745,D.T. Sheffield,WR,NYJ,8,5.290953059715163,0.3730756523652206,-119.45195035777824,296,,,0.0,
746,Ty Pezza,WR,BAL,8,5.273865875042176,0.3723712367524392,-119.46903754245123,297,,,0.0,
747,Octavian Smith,WR,BAL,8,5.270921350748287,0.3723712367524392,-119.47198206674513,298,,,0.0,
748,Aaron Anderson,WR,CLE,8,5.262146452177185,0.37160965073976504,-119.48075696531622,299,,,0.0,
749,Jimmy Holiday,WR,KC,8,5.250029111730871,0.4378972816503004,-119.49287430576254,300,,,0.0,
750,Mason Kinsey,WR,TEN,8,5.135067155798987,0.41423646357097965,-119.60783626169442,301,,,0.0,
751,Kyre Duplessis,WR,DET,8,5.108735528996261,0.3606590709906363,-119.63416788849715,302,,,0.0,
752,Jared Wayne,WR,HOU,8,5.091460377791599,0.4519820650541291,-119.6514430397018,303,,,0.0,
753,Kyle Dixon,WR,NE,8,5.0675717527799,0.3571880343002801,-119.67533166471351,304,,,0.0,
754,Nick DeGennaro,WR,NE,8,5.0663126802555905,0.3571880343002801,-119.67659073723782,305,,,0.0,
755,Xavier Gipson,WR,NYG,8,5.011173447446636,0.3892985705342329,-119.73172997004677,306,,,0.0,
756,Will Sheppard,WR,GB,8,4.99178387765844,0.4164565163129231,-119.75111953983497,307,,,0.0,
757,Trent Sherfield,WR,BUF,8,4.988251164616323,0.3994178215196862,-119.75465225287708,308,,,0.0,
758,Brock Rechsteiner,WR,NO,8,4.975665347453636,0.3512929853286117,-119.76723807003977,309,,,0.0,
759,JP Richardson,WR,CHI,8,4.955908136184315,0.41353254774510617,-119.78699528130909,310,,,0.0,
760,Bryson Green,WR,ARI,8,4.879267607622927,0.407618108735521,-119.86363580987049,311,,,0.0,
761,Kolbe Katsis,WR,DEN,8,4.786990523230631,0.3377840139554497,-119.95591289426278,312,,,0.0,
762,Le'Meke Brockington,WR,ATL,8,4.760677653726055,0.3358632364008061,-119.98222576376736,313,,,0.0,
763,Cody White,WR,SEA,8,4.660022584088671,0.3731468747075693,-120.08288083340474,314,,,0.0,
764,Jeshaun Jones,WR,MIN,8,4.646359422330822,0.41189904779020253,-120.09654399516259,315,,,0.0,
765,E.J. Horton,WR,IND,8,4.639825528860883,0.3270275961806952,-120.10307788863253,316,,,0.0,
766,Garrett Greene,WR,TB,8,4.631017125782158,0.3861616494724083,-120.11188629171124,317,,,0.0,
767,Colton Dowell,WR,SF,8,4.542350648678167,0.4082069548127566,-120.20055276881524,318,,,0.0,
768,Jordan Moore,WR,CIN,8,4.489395989581381,0.37464638322069566,-120.25350742791203,319,,,0.0,
769,Squirrel White,WR,CHI,8,4.480134290452849,0.31596849747328487,-120.26276912704056,320,,,0.0,
770,Mario Williams,WR,LA,8,4.468666373387301,0.37335055145795676,-120.2742370441061,321,,,0.0,
771,E.J. Williams,WR,LV,8,4.449005885138958,0.31390230127018254,-120.29389753235445,322,,,0.0,
772,Michael Bandy,WR,DEN,8,4.40008404258653,0.3728015520209658,-120.34281937490688,323,,,0.0,
773,Luke Grimm,WR,LAC,8,4.380243849879534,0.3651517068558769,-120.36265956761387,324,,,0.0,
774,Keelan Marion,WR,ATL,8,4.293515270743597,0.30256910729234743,-120.44938814674981,325,,,0.0,
775,Ja'Seem Reed,WR,CAR,8,4.28945363334299,0.3584662309123579,-120.45344978415042,326,,,0.0,
776,Tim Jones,WR,JAX,8,4.275459769460455,0.3592949155089516,-120.46744364803295,327,,,0.0,
777,Dontae Fleming,WR,MIN,8,4.272578587852502,0.35634278720467527,-120.4703248296409,328,,,0.0,
778,Jackson Meeks,WR,DET,8,4.230330173908466,0.3535297774573473,-120.51257324358494,329,,,0.0,
779,A.J. Henning,WR,MIA,8,4.219595033229548,0.3518064176954146,-120.52330838426386,330,,,0.0,
780,Jeremiah Webb,WR,NE,8,4.2034996811885295,0.3502965606216505,-120.53940373630488,331,,,0.0,
781,Ben Nikkel,WR,IND,8,4.1993599637837375,0.29574584295696743,-120.54354345370967,332,,,0.0,
782,Dareke Young,WR,LV,8,4.148933888376383,0.32626225244323365,-120.59396952911703,333,,,0.0,
783,Luke Wysong,WR,MIN,8,4.1317869512450685,0.2914007550279633,-120.61111646624835,334,,,0.0,
784,Chase Roberts,WR,LV,8,4.1063259723064975,0.28952213160481316,-120.63657744518692,335,,,0.0,
785,Corey Rucker,WR,LV,8,4.105149848862371,0.28952213160481316,-120.63775356863104,336,,,0.0,
786,Jonathan Brady,WR,LV,8,4.105149848862371,0.28952213160481316,-120.63775356863104,337,,,0.0,
787,Jha'Quan Jackson,WR,HOU,8,3.988629878211649,0.3392126232358949,-120.75427353928175,338,,,0.0,
788,Cam Ross,WR,DEN,8,3.9865423873130275,0.28121334243417145,-120.75636103018039,339,,,0.0,
789,Ricky White III,WR,SEA,8,3.981867754848464,0.33219389890685347,-120.76103566264494,340,,,0.0,
790,Brennan Presley,WR,LA,8,3.95929574154671,0.3303052741128022,-120.7836076759467,341,,,0.0,
791,Alex Bullock,WR,JAX,8,3.9462524949229225,0.27831564650374857,-120.79665092257049,342,,,0.0,
792,Ben Patterson,WR,JAX,8,3.9462524949229225,0.27831564650374857,-120.79665092257049,343,,,0.0,
793,Ja'Mori Maclin,WR,BUF,8,3.828825596311216,0.270111406466416,-120.91407782118219,344,,,0.0,
794,JaQuae Jackson,WR,LAC,8,3.7975943205012483,0.3417564159454926,-120.94530909699216,345,,,0.0,
795,Isaiah Neyor,WR,GB,8,3.7907623955206504,0.315928937426127,-120.95214102197276,346,,,0.0,
796,Dennis Houston,WR,TB,8,3.7658450091898374,0.3384330802522656,-120.97705840830358,347,,,0.0,
797,Tyren Montgomery,WR,TEN,8,3.7033493146953127,0.261209688104495,-121.03955410279809,348,,,0.0,
798,Tom Kennedy,WR,DET,8,3.6633023201751627,0.2981813737836086,-121.07960109731825,349,,,0.0,
799,Eli Pancol,WR,IND,8,3.6514276197309097,0.3038928488242512,-121.0914757977625,350,,,0.0,
800,Gabriel Benyard,WR,BUF,8,3.615681987537336,0.25500164300385625,-121.12722142995608,351,,,0.0,
801,Romello Brinson,WR,DAL,8,3.5364732120001428,0.24941531987811447,-121.20643020549326,352,,,0.0,
802,Malick Meiga,WR,CAR,8,3.4635951577953388,0.24424163029341095,-121.27930825969807,353,,,0.0,
803,Chandler Brayboy,WR,JAX,8,3.4394384676037117,0.2867373819251283,-121.3034649498897,354,,,0.0,
804,Brandon Smith,WR,PIT,8,3.40143015099361,0.30548177356559875,-121.3414732664998,355,,,0.0,
805,Josh Kelly,WR,HOU,8,3.3991107719179463,0.28331631616391745,-121.34379264557546,356,,,0.0,
806,Damien Alford,WR,NO,8,3.257993269917568,0.22977508519501874,-121.48491014757585,357,,,0.0,
807,Luke Floriea,WR,CLE,8,3.257172326952673,0.2716147918472994,-121.48573109054074,358,,,0.0,
808,Brenden Rice,WR,GB,8,3.2503772927965033,0.2936330723848353,-121.49252612469691,359,,,0.0,
809,Dohnte Meyers,WR,CIN,8,3.211732239667871,0.22634199241617453,-121.53117117782554,360,,,0.0,
810,Cortez Braham,WR,BAL,8,3.2035361836038363,0.22569996962240782,-121.53936723388958,361,,,0.0,
811,Stephen Gosnell,WR,BUF,8,3.1852548519564845,0.2656165034369226,-121.55764856553692,362,,,0.0,
812,Xavier Guillory,WR,BAL,8,3.1629441688329307,0.26364498273736414,-121.57995924866047,363,,,0.0,
813,Cornelius Johnson,WR,BAL,8,3.144226171719564,0.283380724749201,-121.59867724577384,364,,,0.0,
814,Traeshon Holden,WR,DAL,8,3.120503480830501,0.26017351789941506,-121.6223999366629,365,,,0.0,
815,Malik Turner,WR,SF,8,3.095203218378234,0.2686982752385256,-121.64770019911518,366,,,0.0,
816,Tru Edwards,WR,LA,8,3.003206160317287,0.25029467352117457,-121.73969725717612,367,,,0.0,
817,Montorie Foster Jr,WR,SEA,8,2.953445972216537,0.24620395545975476,-121.78945744527687,368,,,0.0,
818,Chris Blair,WR,ATL,8,2.8772406395510854,0.2516618041288545,-121.86566277794232,369,,,0.0,
819,Dalevon Campbell,WR,LAC,8,2.7904659713808626,0.22981874129533003,-121.95243744611254,370,,,0.0,
820,Tyrone Broden,WR,SEA,8,2.775040216200563,0.23117959053175438,-121.96786320129284,371,,,0.0,
821,Dayton Wade,WR,BAL,8,2.7635404064405846,0.248970140632474,-121.97936301105283,372,,,0.0,
822,Malik Cunningham,WR,DET,8,2.6047279384345985,0.2304240066942099,-122.13817547905882,373,,,0.0,
823,Lance McCutcheon,WR,TEN,8,2.3849445704384977,0.2142751663389192,-122.35795884705492,374,,,0.0,
824,Xavier Johnson,WR,CIN,8,2.349502622248408,0.2111652335680896,-122.393400795245,375,,,0.0,
825,Maurice Alexander,WR,CHI,8,2.2884693254208286,0.20281753211077494,-122.45443409207257,376,,,0.0,
826,Kendric Pryor,WR,CIN,8,1.8260386681816752,0.16291370781830594,-122.91686474931173,377,,,0.0,
827,Dan Chisena,WR,CAR,8,1.685485897356994,0.1479706789902807,-123.05741752013641,378,,,0.0,
828,Andrew Armstrong,WR,KC,8,1.6452742399225135,0.13699520470947213,-123.0976291775709,379,,,0.0,
829,Jalen Virgil,WR,BUF,8,1.589086474082366,0.14051525145324972,-123.15381694341104,380,,,0.0,
830,Brandon Johnson,WR,LV,8,1.371713634798851,0.12249901757904028,-123.37118978269456,381,,,0.0,
831,Gee Scott Jr.,WR,NYJ,8,1.3578436926637045,0.11308931664561409,-123.3850597248297,382,,,0.0,
832,Nick Nash,WR,WAS,8,1.3258469993808726,0.1101778405798925,-123.41705641811254,383,,,0.0,
833,Cole Burgess,WR,PIT,8,1.202668094545686,0.10823792504335282,-123.54023532294772,384,,,0.0,
834,Jaden Smith,WR,DAL,8,0.8253306408445868,0.06883876473130152,-123.91757277664883,385,,,0.0,
835,Mac Dalena,WR,BUF,8,0.5426708618565724,0.04524960223189288,-124.20023255563683,386,,,0.0,
836,Courtney Jackson,WR,TEN,8,0.2052134829076339,0.017096736268567624,-124.53768993458577,387,,,0.0,
837,Irvin Charles,WR,SEA,8,0.0,0.0,-124.74290341749341,388,,,0.0,
838,Kirk Cousins,QB,LV,4,79.07821279130489,5.502396773281901,-126.6310784221039,43,,,0.0,
839,Justin Fields,QB,KC,4,77.9473087338374,5.56540543665911,-127.76198247957139,44,,,0.0,
840,Dillon Gabriel,QB,CLE,4,76.67251238105231,5.351943933974521,-129.03677883235648,45,,,0.0,
841,Anthony Richardson,QB,IND,4,73.8416187165438,5.605371349674176,-131.867672496865,46,,,0.0,
842,Jameis Winston,QB,NYG,4,67.64800520036074,5.0391142888258,-138.06128601304806,47,,,0.0,
843,Spencer Rattler,QB,NO,4,56.88265572617376,4.099357867450101,-148.82663548723502,48,,,0.0,
844,Brady Cook,QB,NYJ,4,50.99076521905274,3.6981245481778804,-154.71852599435604,49,,,0.0,
845,Zach Wilson,QB,NO,4,45.34505311508836,3.488741910572675,-160.3642380983204,50,,,0.0,
846,Quinn Ewers,QB,MIA,4,43.82377377959768,3.209653314828061,-161.88551743381112,51,,,0.0,
847,Carson Wentz,QB,MIN,4,40.806853141120676,3.064817850402613,-164.9024380722881,52,,,0.0,
848,Mitchell Trubisky,QB,TEN,4,38.839015831399585,2.8951371741619836,-166.8702753820092,53,,,0.0,
849,Trey Lance,QB,LAC,4,34.028982054523304,2.5856160094912584,-171.68030915888548,54,,,0.0,
850,Tyler Huntley,QB,BAL,4,33.817302757480824,2.5304541740443667,-171.89198845592796,55,,,0.0,
851,Malik Willis,QB,MIA,4,33.46830680949203,2.523807658410314,-172.24098440391677,56,160.1,6,0.0,
852,Tyrod Taylor,QB,GB,4,31.25919861354943,2.3175601970687336,-174.45009259985937,57,,,0.0,
853,Deshaun Watson,QB,CLE,4,29.71998318624844,2.3154127329715055,-175.98930802716035,58,,,0.0,
854,Aidan O'Connell,QB,LV,4,28.938248919436678,2.223798377186815,-176.7710422939721,59,,,0.0,
855,Will Levis,QB,TEN,4,27.495802480734113,2.1150050969145218,-178.21348873267468,60,,,0.0,
856,Riley Leonard,QB,IND,4,26.99975178201064,1.9599315509980466,-178.70953943139816,61,,,0.0,
857,Drew Lock,QB,SEA,4,26.436487723404774,2.0005505983444416,-179.272803490004,62,,,0.0,
858,Davis Mills,QB,HOU,4,25.825062454210094,1.9221000836674056,-179.8842287591987,63,,,0.0,
859,Max Brosmer,QB,MIN,4,24.644715525089826,1.758369523460028,-181.06457568831897,64,,,0.0,
860,Jake Browning,QB,TB,4,24.497119720311776,1.846691617541311,-181.212171493097,65,,,0.0,
861,Jalen Milroe,QB,SEA,4,24.375899590110834,1.8004339229540574,-181.33339162329796,66,,,0.0,
862,Josh Johnson,QB,CIN,4,23.493895997382527,1.773671209148667,-182.21539521602625,67,,,0.0,
863,Mason Rudolph,QB,PIT,4,23.412253816602178,1.7311890372561431,-182.29703739680662,68,,,0.0,
864,Andy Dalton,QB,PHI,4,22.488642981668733,1.674178557616121,-183.22064823174006,69,,,0.0,
865,Gardner Minshew,QB,ARI,4,21.358039357689805,1.5854004138596574,-184.351251855719,70,,,0.0,
866,Kenny Pickett,QB,CAR,4,19.507517836776323,1.4469273464273673,-186.20177337663247,71,,,0.0,
867,Joe Milton III,QB,DAL,4,18.839921055342796,1.4456067914349569,-186.869370158066,72,,,0.0,
868,Bailey Zappe,QB,NYJ,4,18.10696334998738,1.4492615863609084,-187.6023278634214,73,,,0.0,
869,Tanner McKee,QB,PHI,4,17.34169496338002,1.326392138505807,-188.36759625002878,74,,,0.0,
870,Teddy Bridgewater,QB,DET,4,15.872534802315553,1.2237078802811272,-189.83675641109323,75,,,0.0,
871,Nick Mullens,QB,JAX,4,15.80532456351594,1.1938225637479158,-189.90396664989285,76,,,0.0,
872,Cam Miller,QB,MIA,4,13.80395990202281,1.0466961533142858,-191.905331311386,77,,,0.0,
873,Trevor Siemian,QB,ATL,4,11.622577680577136,0.9245577082930615,-194.08671353283165,78,,,0.0,
874,Chris Oladokun,QB,KC,4,10.347343581940812,0.7997077310746542,-195.36194763146798,79,,,0.0,
875,Kyle McCord,QB,GB,4,10.304589358480248,0.7824935568055952,-195.40470185492853,80,,,0.0,
876,Jarrett Stidham,QB,DEN,4,10.221089615446441,0.803009892123799,-195.48820159796236,81,,,0.0,
877,Tyson Bagent,QB,CHI,4,9.755093465961922,0.756508644539629,-195.95419774744687,82,,,0.0,
878,Will Grier,QB,CAR,4,9.694007936123235,0.774568697948396,-196.01528327728556,83,,,0.0,
879,Sam Howell,QB,DAL,4,9.440117703642729,0.7570254269835772,-196.26917350976606,84,,,0.0,
880,Sean Clifford,QB,CIN,4,9.376356507841127,0.7525690760729358,-196.33293470556765,85,,,0.0,
881,Stetson Bennett,QB,LA,4,9.333719522613086,0.7484143914536657,-196.3755716907957,86,,,0.0,
882,Hendon Hooker,QB,TEN,4,9.238038360925376,0.7325315650033947,-196.47125285248342,87,,,0.0,
883,Easton Stick,QB,IND,4,8.738304557616623,0.6986214378539546,-196.97098665579216,88,,,0.0,
884,Adrian Martinez,QB,SF,4,8.395825093957864,0.667536416898317,-197.31346611945094,89,,,0.0,
885,Kyle Allen,QB,BUF,4,8.326061621774322,0.6490914662296531,-197.38322959163446,90,,,0.0,
886,Brandon Allen,QB,NYG,4,7.960731813044983,0.6200490964429227,-197.7485594003638,91,,,0.0,
887,Will Howard,QB,PIT,4,7.941367360382698,0.6023479459101666,-197.7679238530261,92,,,0.0,
888,Connor Bazelak,QB,TB,4,7.831340221413394,0.5933113352913049,-197.8779509919954,93,,,0.0,
889,Kurtis Rourke,QB,SF,4,7.616605143263434,0.5771030563159493,-198.09268607014536,94,,,0.0,
890,Kedon Slovis,QB,ARI,4,7.518860589641379,0.5921646531600714,-198.1904306237674,95,,,0.0,
891,Sam Hartman,QB,WAS,4,7.372949983550286,0.5926236526320456,-198.3363412298585,96,,,0.0,
892,Tommy DeVito,QB,NE,4,7.350108584654163,0.5854761808627733,-198.35918262875464,97,,,0.0,
893,Shane Buechele,QB,BUF,4,7.329404968026299,0.5811903956657664,-198.3798862453825,98,,,0.0,
894,Case Keenum,QB,CHI,4,6.607458942794722,0.5229097422956137,-199.10183227061407,99,,,0.0,
895,Graham Mertz,QB,HOU,4,6.295842153021129,0.4770935466300193,-199.41344906038765,100,,,0.0,
896,DJ Uiagalelei,QB,LAC,4,6.226392293002598,0.47202820990729094,-199.4828989204062,101,,,0.0,
897,Skylar Thompson,QB,BAL,4,6.131120641774633,0.4876036227130422,-199.57817057163416,102,,,0.0,
898,Carter Bradley,QB,JAX,4,5.871161625289492,0.47231480949794,-199.8381295881193,103,,,0.0,
899,Sam Ehlinger,QB,DEN,4,5.815516567291575,0.4669052231229863,-199.8937746461172,104,,,0.0,
900,Jack Strand,QB,ATL,4,3.321305211546521,0.22275429774233702,-202.38798600186226,105,,,0.0,
901,Jacob Clark,QB,LV,4,2.987058448502074,0.19987746253389738,-202.72223276490672,106,,,0.0,
902,Mark Gronowski,QB,MIA,4,2.6209636519818957,0.17548215823496582,-203.0883275614269,107,,,0.0,
903,Cole Payton,QB,PHI,4,2.317011304303945,0.15523478682154376,-203.39227990910484,108,,,0.0,
904,Kyron Drones,QB,GB,4,1.7192496788536742,0.11524007369483598,-203.9900415345551,109,,,0.0,
905,Behren Morton,QB,NE,4,1.643507239224986,0.110057919751936,-204.0657839741838,110,,,0.0,
906,Jalon Daniels,QB,TB,4,1.568316633750981,0.1050743946404013,-204.1409745796578,111,,,0.0,
907,Athan Kaliakmanis,QB,WAS,4,1.5678570322885401,0.1050972528288292,-204.14143418112025,112,,,0.0,
908,Diego Pavia,QB,BAL,4,1.5383829215279494,0.10285954354318345,-204.17090829188083,113,,,0.0,
909,Joe Fagnano,QB,BAL,4,1.5367840468896945,0.10285954354318345,-204.1725071665191,114,,,0.0,
910,Haynes King,QB,CAR,4,1.485347913917559,0.09940303097605635,-204.22394329949122,115,,,0.0,
911,Matthew Caldwell,QB,LA,4,1.4417076251970613,0.09662624713686452,-204.26758358821172,116,,,0.0,
912,Joey Aguilar,QB,JAX,4,1.3452362471259602,0.09005082599703103,-204.36405496628282,117,,,0.0,
913,Luke Altmyer,QB,DET,4,1.3267265368388779,0.08888721755242471,-204.3825646765699,118,,,0.0,
914,Miller Moss,QB,CHI,4,1.249466622329714,0.08367967096296282,-204.45982459107907,119,,,0.0,
