season,display_name,position,team,ffc_adp,adp_pos_rank,points_total_pred,points_per_game_pred,pred_pos_rank,points,actual_ppg,games_played,actual_pos_rank,baseline_consensus,model_error,model_abs_error,rookie_blend_applied
2024,Josh Allen,QB,BUF,25.1,1,268.3758327707027,17.962264773285604,1,379.04,23.69,16,2,-1.51,-110.66416722929733,110.66416722929733,false
2024,Patrick Mahomes,QB,KC,30.8,2,256.096521759229,17.193956174569728,2,283.02,17.68875,16,11,-3.25,-26.923478240770976,26.923478240770976,false
2024,Lamar Jackson,QB,BAL,44.2,4,238.27511579334222,16.161219984882315,3,430.38,25.316470588235294,17,1,-3.47,-192.10488420665777,192.10488420665777,false
2024,Jalen Hurts,QB,PHI,37.3,3,230.20129780591373,15.456359519839685,4,315.12,21.008,15,8,-2.19,-84.91870219408628,84.91870219408628,false
2024,Geno Smith,QB,SEA,159.8,24,210.70841507583827,14.178415786812481,5,266.0,15.647058823529411,17,13,-22.53,-55.291584924161725,55.291584924161725,false
2024,C.J. Stroud,QB,HOU,49.9,5,209.62806866515206,14.209431713534359,6,220.38000000000002,12.963529411764707,17,17,-6.34,-10.751931334847967,10.751931334847967,false
2024,Baker Mayfield,QB,TB,156.0,23,201.93611046902785,13.60357033407778,7,365.8,21.51764705882353,17,4,-22.07,-163.86388953097216,163.86388953097216,false
2024,Justin Herbert,QB,LAC,114.6,15,200.84179885836213,13.741521302702177,8,285.40000000000003,16.788235294117648,17,10,-16.0,-84.55820114163791,84.55820114163791,false
2024,Joe Burrow,QB,CIN,59.7,7,200.50754339542752,14.004611800708318,9,372.82000000000005,21.93058823529412,17,3,-7.95,-172.31245660457253,172.31245660457253,false
2024,Dak Prescott,QB,DAL,69.8,8,198.99808161990725,13.390694038442488,10,116.52000000000001,14.565000000000001,8,25,-7.95,82.47808161990724,82.47808161990724,false
2024,Jared Goff,QB,DET,94.3,12,196.52873744664583,13.117641086805369,11,324.46,19.085882352941177,17,6,-14.58,-127.93126255335414,127.93126255335414,false
2024,Trevor Lawrence,QB,JAX,126.7,18,196.14822816966125,13.203654298617897,12,145.2,14.52,10,22,-15.31,50.94822816966126,50.94822816966126,false
2024,Caleb Williams,QB,CHI,116.7,16,195.89685768075984,13.133491348627839,13,254.54000000000002,14.97294117647059,17,15,-15.59,-58.643142319240184,58.643142319240184,true
2024,Jayden Daniels,QB,WAS,99.2,13,194.60435097090397,13.039268336664218,14,355.82,20.930588235294117,17,5,-13.56,-161.21564902909603,161.21564902909603,true
2024,Kyler Murray,QB,ARI,76.1,10,186.6425956443412,13.400485905380032,15,297.24,17.48470588235294,17,9,-8.27,-110.5974043556588,110.5974043556588,false
2024,Tua Tagovailoa,QB,MIA,88.6,11,185.25170721090063,12.480215934260686,16,181.58,16.507272727272728,11,19,-13.8,3.671707210900621,3.671707210900621,false
2024,Bo Nix,QB,DEN,177.5,26,173.8242856529646,11.640953397127621,17,317.2,18.658823529411762,17,7,-30.26,-143.3757143470354,143.3757143470354,true
2024,Matthew Stafford,QB,LA,123.1,17,171.75713531604845,11.7142308838557,18,214.57999999999998,13.411249999999999,16,18,-18.49,-42.822864683951536,42.822864683951536,false
2024,Jordan Love,QB,GB,73.2,9,161.6712409838663,11.090108308242892,19,233.86,15.590666666666667,15,16,-9.85,-72.1887590161337,72.1887590161337,false
2024,Brock Purdy,QB,SF,105.7,14,160.18674517341955,10.952356887795082,20,266.86,17.790666666666667,15,12,-11.73,-106.67325482658046,106.67325482658046,false
2024,Anthony Richardson,QB,IND,55.2,6,149.8398688672109,10.987557835501274,21,163.36,14.850909090909092,11,21,-6.03,-13.520131132789118,13.520131132789118,false
2024,Justin Fields,QB,PIT,134.7,21,146.80422637865993,10.093241767848028,22,119.14000000000001,11.914000000000001,10,24,-32.23,27.66422637865992,27.66422637865992,false
2024,Will Levis,QB,TEN,160.0,25,132.85682430246706,9.342484206657808,23,119.94,9.995,12,23,-24.41,12.916824302467063,12.916824302467063,false
2024,Kirk Cousins,QB,ATL,130.1,19,129.97358229910046,9.120967551061037,24,176.32,12.594285714285714,14,20,-17.39,-46.346417700899536,46.346417700899536,false
2024,Aaron Rodgers,QB,NYJ,130.4,20,129.12728001202024,9.535350825787718,25,256.58,15.092941176470587,17,14,-20.1,-127.45271998797975,127.45271998797975,false
2024,Deshaun Watson,QB,CLE,149.3,22,68.36233960424026,5.051602192471384,26,76.72,10.959999999999999,7,26,-21.05,-8.357660395759737,8.357660395759737,false
2024,Bijan Robinson,RB,ATL,4.9,3,220.4813334456372,16.337651107089105,1,341.7,20.099999999999998,17,3,-2.41,-121.21866655436278,121.21866655436278,false
2024,Breece Hall,RB,NYJ,2.2,2,210.39295492790814,16.079920893282363,2,240.9,15.05625,16,16,-2.51,-30.50704507209187,30.50704507209187,false
2024,Josh Jacobs,RB,GB,23.6,12,178.41624627398636,13.672658239737808,3,293.1,17.241176470588236,17,6,-14.08,-114.68375372601366,114.68375372601366,false
2024,Jahmyr Gibbs,RB,DET,9.4,4,175.97452494582296,13.286039664149158,4,362.90000000000003,21.347058823529412,17,1,-4.71,-186.92547505417707,186.92547505417707,false
2024,Tyjae Spears,RB,TEN,91.4,34,168.819305076987,12.501149310662656,5,113.60000000000001,9.466666666666667,12,38,-29.53,55.219305076987,55.219305076987,false
2024,Travis Etienne,RB,JAX,17.6,9,168.29658172484932,12.431029111433663,6,130.20000000000002,8.680000000000001,15,34,-8.19,38.0965817248493,38.0965817248493,false
2024,Alvin Kamara,RB,NO,32.3,15,165.2566008826379,12.711248998653359,7,265.3,18.95,14,9,-13.81,-100.0433991173621,100.0433991173621,false
2024,Christian McCaffrey,RB,SF,1.4,1,164.2723551054431,12.20866026922944,8,47.800000000000004,11.950000000000001,4,49,-1.12,116.47235510544309,116.47235510544309,false
2024,Saquon Barkley,RB,PHI,11.3,6,158.5512516827588,12.055507461634235,9,355.3,22.20625,16,2,-6.02,-196.74874831724122,196.74874831724122,false
2024,Najee Harris,RB,PIT,67.1,25,158.10550032899968,11.667425564858185,10,204.60000000000002,12.03529411764706,17,20,-25.19,-46.49449967100034,46.49449967100034,false
2024,Jonathan Taylor,RB,IND,9.8,5,156.36938341001846,12.677117492971893,11,244.7,17.478571428571428,14,12,-5.68,-88.33061658998153,88.33061658998153,false
2024,D'Andre Swift,RB,CHI,56.5,21,149.90007097605488,11.27690637146456,12,214.5,12.617647058823529,17,19,-23.32,-64.59992902394512,64.59992902394512,false
2024,Derrick Henry,RB,BAL,15.9,7,147.9848214798883,10.904972059683375,13,336.40000000000003,19.788235294117648,17,4,-11.81,-188.41517852011174,188.41517852011174,false
2024,Kenneth Walker III,RB,SEA,35.6,17,144.78815259854912,10.98457506931907,14,181.20000000000002,16.472727272727273,11,27,-17.1,-36.4118474014509,36.4118474014509,false
2024,James Cook,RB,BUF,30.3,14,141.40473283287452,10.48322937314987,15,266.70000000000005,16.668750000000003,16,8,-13.58,-125.29526716712553,125.29526716712553,false
2024,Joe Mixon,RB,HOU,35.0,16,139.5294358885891,10.371428752714289,16,240.50000000000003,17.17857142857143,14,17,-14.63,-100.97056411141094,100.97056411141094,false
2024,Tony Pollard,RB,TEN,81.7,30,137.27510342254666,10.151101300038254,17,200.70000000000002,12.543750000000001,16,21,-27.63,-63.42489657745335,63.42489657745335,false
2024,Javonte Williams,RB,DEN,77.5,28,136.62349666193228,10.645846975590757,18,157.9,9.288235294117648,17,30,-29.76,-21.276503338067727,21.276503338067727,false
2024,Rhamondre Stevenson,RB,NE,62.0,22,132.18278365749893,10.234690562804536,19,175.9,11.726666666666667,15,28,-18.76,-43.717216342501075,43.717216342501075,false
2024,Rachaad White,RB,TB,29.0,13,130.34242036970056,9.627201018847567,20,199.60000000000002,13.306666666666668,15,22,-10.95,-69.25757963029946,69.25757963029946,false
2024,Jonathon Brooks,RB,CAR,85.4,31,126.09168042136463,9.358087432652887,21,7.5,2.5,3,58,-33.31,118.59168042136463,118.59168042136463,true
2024,Chuba Hubbard,RB,CAR,108.8,41,122.5333773588594,9.13660550468953,22,241.6,16.106666666666666,15,15,-44.49,-119.0666226411406,119.0666226411406,false
2024,Devin Singletary,RB,NYG,87.9,32,118.42169379521177,8.760143836587071,23,96.60000000000001,6.44,15,42,-31.8,21.821693795211758,21.821693795211758,false
2024,Jaylen Warren,RB,PIT,79.6,29,116.92588124226945,8.660160306264016,24,124.1,8.273333333333333,15,35,-24.92,-7.17411875773054,7.17411875773054,false
2024,Kyren Williams,RB,LA,15.9,8,114.82552706086297,9.220954829090575,25,272.1,17.00625,16,7,-9.69,-157.27447293913707,157.27447293913707,false
2024,Trey Benson,RB,ARI,108.5,40,114.34730488767576,8.477436383831458,26,47.0,3.9166666666666665,12,50,-40.59,67.34730488767576,67.34730488767576,true
2024,Zach Charbonnet,RB,SEA,130.7,49,112.12350930128396,8.374705268458356,27,186.9,10.994117647058824,17,25,-40.32,-74.77649069871605,74.77649069871605,false
2024,Aaron Jones,RB,MIN,46.0,18,111.13504558224804,8.661154791174681,28,241.60000000000002,14.211764705882354,17,14,-18.53,-130.46495441775198,130.46495441775198,false
2024,Brian Robinson,RB,WAS,97.9,37,110.984105318712,8.488148922415025,29,159.8,11.414285714285715,14,29,-30.41,-48.815894681288015,48.815894681288015,false
2024,De'Von Achane,RB,MIA,21.4,11,109.3454572095109,8.5971980286292,30,299.9,17.641176470588235,17,5,-11.0,-190.55454279048908,190.55454279048908,false
2024,Austin Ekeler,RB,WAS,88.0,33,108.19435200058504,8.183334509140453,31,132.3,11.025,12,33,-32.41,-24.10564799941497,24.10564799941497,false
2024,James Conner,RB,ARI,47.6,19,105.66072781922108,8.181357736445252,32,253.8,15.8625,16,11,-21.24,-148.13927218077893,148.13927218077893,false
2024,David Montgomery,RB,DET,54.6,20,104.45783889951734,7.945499962404485,33,221.72,15.837142857142856,14,18,-22.61,-117.26216110048266,117.26216110048266,false
2024,Blake Corum,RB,LA,110.3,42,102.910235174353,7.616075742819138,34,33.5,2.2333333333333334,15,52,-43.64,69.410235174353,69.410235174353,true
2024,Jerome Ford,RB,CLE,98.5,38,102.4841331753108,7.66741683499955,35,134.0,9.571428571428571,14,32,-37.14,-31.515866824689198,31.515866824689198,false
2024,Isiah Pacheco,RB,KC,19.8,10,100.87937594622976,7.663652239454318,36,56.9,8.128571428571428,7,48,-10.03,43.97937594622976,43.97937594622976,false
2024,Ezekiel Elliott,RB,DAL,96.2,36,98.43926200587774,7.287294536039243,37,57.5,3.8333333333333335,15,47,-35.66,40.93926200587774,40.93926200587774,false
2024,MarShawn Lloyd,RB,GB,159.1,58,95.54272696646758,7.07167116366706,38,2.8,2.8,1,59,-50.49,92.74272696646759,92.74272696646759,true
2024,Tyler Allgeier,RB,ATL,125.1,45,92.86590757611333,6.888832066249971,39,106.2,6.247058823529412,17,39,-49.02,-13.334092423886673,13.334092423886673,false
2024,Antonio Gibson,RB,NE,158.6,57,92.6221373270453,6.941655695348083,40,103.4,6.082352941176471,17,40,-43.27,-10.777862672954711,10.777862672954711,false
2024,Jaylen Wright,RB,MIA,156.6,56,89.94416478847936,6.673169687785695,41,26.700000000000003,2.053846153846154,13,57,-57.82,63.24416478847935,63.24416478847935,true
2024,Raheem Mostert,RB,MIA,64.1,23,86.11344638834353,6.449523060130739,42,70.9,5.453846153846154,13,44,-28.25,15.213446388343527,15.213446388343527,false
2024,Ray Davis,RB,BUF,147.7,52,84.79521451364124,6.268691797979238,43,116.10000000000001,6.829411764705883,17,36,-58.15,-31.304785486358767,31.304785486358767,true
2024,Bucky Irving,RB,TB,152.9,55,84.0660603887931,6.232949456424783,44,244.39999999999998,14.376470588235293,17,13,-61.26,-160.33393961120686,160.33393961120686,true
2024,Jaleel McLaughlin,RB,DEN,126.6,46,82.55889861696454,6.1086396850074145,45,97.2,6.075,16,41,-46.41,-14.641101383035462,14.641101383035462,false
2024,Kimani Vidal,RB,LAC,143.9,51,81.71517001225747,6.052351449399324,46,32.7,3.6333333333333337,9,53,-59.06,49.01517001225747,49.01517001225747,true
2024,Tyrone Tracy Jr.,RB,NYG,174.0,60,78.23110831447114,5.783474529993557,47,182.3,10.723529411764707,17,26,-66.18,-104.06889168552887,104.06889168552887,true
2024,Dameon Pierce,RB,HOU,151.4,54,73.2236853140607,5.644505367975221,48,43.5,4.35,10,51,-59.29,29.723685314060702,29.723685314060702,false
2024,Chase Brown,RB,CIN,91.9,35,72.32009664799094,5.614123756526662,49,255.0,15.9375,16,10,-38.63,-182.67990335200906,182.67990335200906,false
2024,Nick Chubb,RB,CLE,65.0,24,70.7990608093836,6.176899935939878,50,63.30000000000001,7.912500000000001,8,46,-38.14,7.499060809383593,7.499060809383593,false
2024,Zack Moss,RB,CIN,74.4,27,70.37578047646697,5.410567349538883,51,81.9,10.2375,8,43,-29.66,-11.524219523533034,11.524219523533034,false
2024,Alexander Mattison,RB,LV,160.7,59,67.54190244128029,5.030743868346085,52,137.4,9.814285714285715,14,31,-61.12,-69.85809755871972,69.85809755871972,false
2024,Gus Edwards,RB,LAC,100.6,39,67.39474246408561,5.080884332006741,53,64.1,5.827272727272727,11,45,-37.47,3.2947424640856156,3.2947424640856156,false
2024,Ty Chandler,RB,MIN,130.3,48,56.881738858368124,4.453066593550676,54,28.4,2.0285714285714285,14,56,-46.34,28.481738858368125,28.481738858368125,false
2024,Zamir White,RB,LV,67.8,26,56.84438029260059,4.457578295153372,55,29.299999999999997,3.6624999999999996,8,55,-23.2,27.544380292600593,27.544380292600593,false
2024,Rico Dowdle,RB,DAL,118.9,44,53.59634158104435,4.196352224271926,56,197.8,12.3625,16,23,-47.15,-144.20365841895565,144.20365841895565,false
2024,J.K. Dobbins,RB,LAC,116.2,43,47.88470633490459,4.461918047435972,57,191.8,14.753846153846155,13,24,-53.83,-143.91529366509542,143.91529366509542,false
2024,Khalil Herbert,RB,CIN,136.4,50,37.42698733675585,2.9401742388726717,58,31.5,2.8636363636363638,11,54,-52.05,5.92698733675585,5.92698733675585,false
2024,Elijah Mitchell,RB,SF,129.8,47,31.493725351181887,2.5818267921626856,59,0.0,0.0,0,60,-57.46,31.493725351181887,31.493725351181887,false
2024,Jordan Mason,RB,SF,149.1,53,25.915810093804975,1.9629766713326404,60,115.0,9.583333333333334,12,37,-80.79,-89.08418990619502,89.08418990619502,false
2024,Travis Kelce,TE,KC,24.4,1,177.01238980326244,12.894393309245118,1,195.4,12.2125,16,4,-1.95,-18.38761019673757,18.38761019673757,false
2024,Sam LaPorta,TE,DET,29.4,2,166.48552456218323,12.061558315955027,2,174.60000000000002,10.912500000000001,16,6,-1.73,-8.114475437816793,8.114475437816793,false
2024,T.J. Hockenson,TE,MIN,118.7,13,150.10966172573902,11.020668173090979,3,86.5,8.65,10,18,-14.71,63.609661725739016,63.609661725739016,false
2024,Cole Kmet,TE,CHI,137.1,16,146.28073580030315,10.666579504343337,4,120.4,7.525,16,11,-15.27,25.880735800303142,25.880735800303142,false
2024,Dalton Kincaid,TE,BUF,59.1,5,145.32053661347976,10.603012243936414,5,100.80000000000001,7.753846153846155,13,16,-5.04,44.52053661347975,44.52053661347975,false
2024,George Kittle,TE,SF,66.7,6,143.34734942105533,10.45480660895464,6,236.60000000000002,15.773333333333335,15,3,-8.18,-93.2526505789447,93.2526505789447,false
2024,David Njoku,TE,CLE,101.1,10,138.181548611553,10.134937584642078,7,148.5,13.5,11,8,-9.57,-10.318451388446988,10.318451388446988,false
2024,Evan Engram,TE,JAX,79.5,8,137.1072520621559,9.872685571535515,8,89.5,9.944444444444445,9,17,-5.48,47.60725206215591,47.60725206215591,false
2024,Kyle Pitts,TE,ATL,72.8,7,134.09649810362956,9.907835454949334,9,131.2,7.717647058823529,17,9,-7.98,2.8964981036295683,2.8964981036295683,false
2024,Brock Bowers,TE,LV,121.7,14,129.53349422698196,9.402034559592943,10,262.7,15.452941176470588,17,1,-12.66,-133.16650577301803,133.16650577301803,true
2024,Dallas Goedert,TE,PHI,105.5,11,115.48270382342834,8.66171686688462,11,103.6,10.36,10,14,-11.43,11.882703823428344,11.882703823428344,false
2024,Trey McBride,TE,ARI,50.4,4,114.91195793619852,8.433217008646137,12,243.8,15.2375,16,2,-3.43,-128.8880420638015,128.8880420638015,false
2024,Mark Andrews,TE,BAL,41.2,3,114.8562929152842,8.880927578138827,13,188.8,11.105882352941178,17,5,-4.05,-73.94370708471581,73.94370708471581,false
2024,Dalton Schultz,TE,HOU,117.9,12,111.77191744563537,8.24563937763168,14,118.2,6.952941176470588,17,12,-14.88,-6.428082554364636,6.428082554364636,false
2024,Jake Ferguson,TE,DAL,89.2,9,97.74493923825538,7.187905792047305,15,104.4,7.457142857142857,14,13,-9.11,-6.655060761744622,6.655060761744622,false
2024,Pat Freiermuth,TE,PIT,135.5,15,96.54118931320023,7.416708707485012,16,168.3,9.9,17,7,-13.91,-71.75881068679978,71.75881068679978,false
2024,Luke Musgrave,TE,GB,151.7,17,79.23873158307917,6.059971568920113,17,11.5,1.6428571428571428,7,20,-17.2,67.73873158307917,67.73873158307917,false
2024,Isaiah Likely,TE,BAL,152.0,18,70.16202306506341,5.260532611167745,18,123.7,8.246666666666666,15,10,-27.21,-53.537976934936594,53.537976934936594,false
2024,Dawson Knox,TE,BUF,165.9,20,59.075881911607446,4.574622307258255,19,59.1,4.2214285714285715,14,19,-32.85,-0.024118088392555137,0.024118088392555137,false
2024,Taysom Hill,TE,NO,155.9,19,32.74663839735707,2.3743467799155713,20,102.34,12.7925,8,15,-26.11,-69.59336160264294,69.59336160264294,false
2024,CeeDee Lamb,WR,DAL,3.7,2,226.47382789083724,15.970696067926472,1,263.4,17.56,15,8,-1.16,-36.926172109162735,36.926172109162735,false
2024,A.J. Brown,WR,PHI,10.9,6,219.83245253987562,15.478905968924616,2,216.9,16.684615384615384,13,20,-6.54,2.9324525398756123,2.9324525398756123,false
2024,Amon-Ra St. Brown,WR,DET,6.2,3,219.53913542557123,15.642730495174886,3,316.18,18.598823529411764,17,3,-3.33,-96.64086457442878,96.64086457442878,false
2024,Ja'Marr Chase,WR,CIN,7.2,4,218.5446808496964,15.739687246512075,4,403.0,23.705882352941178,17,1,-3.93,-184.4553191503036,184.4553191503036,false
2024,DJ Moore,WR,CHI,43.7,22,214.9265596211634,15.13075657379802,5,238.10000000000002,14.005882352941178,17,16,-19.26,-23.17344037883663,23.17344037883663,false
2024,Puka Nacua,WR,LA,15.2,9,213.80725408514007,15.105305898729084,6,206.6,18.78181818181818,11,25,-7.63,7.207254085140079,7.207254085140079,false
2024,Tyreek Hill,WR,MIA,2.6,1,211.25362132036977,14.939987909185753,7,218.2,12.835294117647058,17,18,-2.49,-6.9463786796302145,6.9463786796302145,false
2024,Garrett Wilson,WR,NYJ,12.1,7,197.8962533377182,13.97092346282026,8,251.9,14.81764705882353,17,10,-7.25,-54.0037466622818,54.0037466622818,false
2024,George Pickens,WR,PIT,59.8,30,197.850654245103,13.975137790464087,9,164.4,11.742857142857144,14,40,-29.07,33.45065424510298,33.45065424510298,false
2024,Michael Pittman,WR,IND,45.2,23,197.48412945717607,14.045359112082691,10,165.8,10.3625,16,39,-14.28,31.684129457176056,31.684129457176056,false
2024,Marvin Harrison Jr.,WR,ARI,14.5,8,195.50630010913008,13.826775437115057,11,196.5,11.558823529411764,17,29,-10.86,-0.9936998908699195,0.9936998908699195,true
2024,Zay Flowers,WR,BAL,56.8,28,192.14253263685342,13.666992459449038,12,209.5,12.323529411764707,17,24,-27.19,-17.357467363146583,17.357467363146583,false
2024,Drake London,WR,ATL,21.5,12,191.47900082186112,13.63036308554693,13,280.8,16.51764705882353,17,5,-12.7,-89.32099917813889,89.32099917813889,false
2024,DeVonta Smith,WR,PHI,38.3,19,179.37100710432563,12.737811193511936,14,199.4,15.338461538461539,13,26,-21.3,-20.028992895674378,20.028992895674378,false
2024,Brandon Aiyuk,WR,SF,48.1,24,178.54986701515423,12.672053129385702,15,62.4,8.914285714285715,7,66,-15.02,116.14986701515423,116.14986701515423,false
2024,Chris Olave,WR,NO,26.2,14,176.15476732661833,12.591310577089697,16,76.7,9.5875,8,60,-11.84,99.45476732661832,99.45476732661832,false
2024,Terry McLaurin,WR,WAS,70.2,35,174.37477434173516,12.2594992012194,17,267.8,15.75294117647059,17,7,-29.91,-93.42522565826485,93.42522565826485,false
2024,Chris Godwin Jr.,WR,TB,68.4,34,172.94957297451094,12.222636136187111,18,137.8,19.685714285714287,7,47,-31.75,35.14957297451093,35.14957297451093,false
2024,DK Metcalf,WR,SEA,40.7,20,172.23288873161374,12.220970490984778,19,191.2,12.746666666666666,15,31,-20.11,-18.967111268386248,18.967111268386248,false
2024,Justin Jefferson,WR,MIN,8.0,5,168.45243715841778,12.582801599625077,20,317.48,18.67529411764706,17,2,-4.19,-149.02756284158224,149.02756284158224,false
2024,Jaylen Waddle,WR,MIA,29.1,15,165.47149116360424,11.934411094380541,21,149.60000000000002,9.973333333333334,15,42,-16.09,15.871491163604219,15.871491163604219,false
2024,Stefon Diggs,WR,HOU,41.8,21,164.44746347540317,11.571503844699945,22,121.92,15.24,8,52,-23.89,42.52746347540317,42.52746347540317,false
2024,Jordan Addison,WR,MIN,134.1,57,163.45300331765839,11.554482220275881,23,212.5,14.166666666666666,15,21,-41.95,-49.046996682341614,49.046996682341614,false
2024,Tyler Lockett,WR,SEA,106.6,47,162.9374602889787,11.45391390083835,24,121.0,7.117647058823529,17,53,-45.54,41.93746028897871,41.93746028897871,false
2024,Malik Nabers,WR,NYG,38.3,18,161.64226171410817,11.441395671603805,25,273.6,18.240000000000002,15,6,-24.18,-111.95773828589185,111.95773828589185,true
2024,Davante Adams,WR,NYJ,20.0,11,161.3585604510967,11.318467778820883,26,241.3,17.235714285714288,14,11,-10.68,-79.9414395489033,79.9414395489033,false
2024,Deebo Samuel Sr.,WR,SF,23.0,13,160.81993345402253,11.59856313328466,27,153.6,10.24,15,41,-20.4,7.219933454022538,7.219933454022538,false
2024,Adam Thielen,WR,CAR,159.0,64,159.87480160110795,11.192608430203851,28,139.5,13.95,10,46,-60.53,20.374801601107947,20.374801601107947,false
2024,Rashee Rice,WR,KC,64.2,32,157.81192014052598,11.221173924759036,29,64.9,16.225,4,64,-36.91,92.91192014052598,92.91192014052598,false
2024,Mike Evans,WR,TB,33.5,17,157.50216291466924,11.106788964054882,30,240.4,17.17142857142857,14,14,-16.39,-82.89783708533076,82.89783708533076,false
2024,Josh Downs,WR,IND,155.9,63,155.06508758760594,10.957168852328087,31,183.5,13.107142857142858,14,34,-54.63,-28.434912412394056,28.434912412394056,false
2024,Jaxon Smith-Njigba,WR,SEA,90.5,41,152.54489001270355,10.783849835296412,32,253.0,14.882352941176471,17,9,-40.33,-100.45510998729645,100.45510998729645,false
2024,Calvin Ridley,WR,TEN,74.7,36,150.39086024807952,11.048727750573434,33,199.2,11.717647058823529,17,27,-36.19,-48.80913975192047,48.80913975192047,false
2024,Jakobi Meyers,WR,LV,131.7,55,148.97437771245646,10.640503612215218,34,218.0,14.533333333333333,15,19,-49.35,-69.02562228754354,69.02562228754354,false
2024,DeAndre Hopkins,WR,KC,104.5,46,145.2067178947561,10.382892431753435,35,147.0,9.1875,16,43,-37.51,-1.7932821052438896,1.7932821052438896,false
2024,Keenan Allen,WR,CHI,63.5,31,144.26508621729417,10.630554491414722,36,184.4,12.293333333333333,15,33,-29.16,-40.13491378270584,40.13491378270584,false
2024,Amari Cooper,WR,BUF,49.2,25,143.53196526187278,10.229305276039737,37,122.7,9.438461538461539,13,51,-24.39,20.83196526187278,20.83196526187278,false
2024,Cooper Kupp,WR,LA,18.9,10,141.0853945237002,10.53459424401255,38,175.0,14.583333333333334,12,36,-19.72,-33.91460547629981,33.91460547629981,false
2024,Jayden Reed,WR,GB,65.1,33,137.26424416955143,9.76028020983093,39,197.0,11.588235294117647,17,28,-36.7,-59.73575583044857,59.73575583044857,false
2024,Nico Collins,WR,HOU,32.1,16,136.36418521612683,9.946915184475422,40,210.60000000000002,17.55,12,23,-17.91,-74.2358147838732,74.2358147838732,false
2024,Diontae Johnson,WR,HOU,92.1,42,136.02116663020507,9.867548247414708,41,89.1,8.1,11,59,-35.49,46.92116663020508,46.92116663020508,false
2024,Ladd McConkey,WR,LAC,98.4,44,133.78160211444276,9.455282821226065,42,240.9,15.05625,16,13,-43.95,-107.11839788555724,107.11839788555724,true
2024,Jerry Jeudy,WR,CLE,132.9,56,133.21474557179164,9.511780656322347,43,240.9,14.170588235294119,17,12,-58.86,-107.68525442820837,107.68525442820837,false
2024,Rome Odunze,WR,CHI,97.7,43,133.07529443920822,9.409926311107109,44,144.9,8.523529411764706,17,44,-46.26,-11.824705560791784,11.824705560791784,true
2024,Xavier Worthy,WR,KC,81.9,37,131.43665293010932,9.301329765632502,45,187.2,11.7,16,32,-46.21,-55.76334706989067,55.76334706989067,true
2024,Courtland Sutton,WR,DEN,110.8,49,131.3898233472994,9.35151728752808,46,240.3,15.01875,16,15,-44.18,-108.91017665270061,108.91017665270061,false
2024,Brian Thomas Jr.,WR,JAX,114.2,50,131.02319378611324,9.267623188523118,47,284.0,16.705882352941178,17,4,-49.19,-152.97680621388676,152.97680621388676,true
2024,Tee Higgins,WR,CIN,51.8,26,130.18205415820236,9.632220776124312,48,222.10000000000002,18.508333333333336,12,17,-28.79,-91.91794584179766,91.91794584179766,false
2024,Keon Coleman,WR,BUF,88.1,40,128.67133880388417,9.106073058350685,49,111.5,8.576923076923077,13,54,-53.0,17.17133880388417,17.17133880388417,true
2024,Quentin Johnston,WR,LAC,152.2,62,124.51937653707205,8.799277695505866,50,174.7,11.646666666666667,15,37,-71.0,-50.18062346292794,50.18062346292794,false
2024,Curtis Samuel,WR,BUF,122.6,53,122.82256990869985,8.7047043870163,51,63.7,4.55,14,65,-54.14,59.122569908699845,59.122569908699845,false
2024,Christian Kirk,WR,JAX,55.6,27,119.80990079685147,8.767896610004655,52,70.9,8.8625,8,62,-28.02,48.90990079685146,48.90990079685146,false
2024,Tank Dell,WR,HOU,57.5,29,116.25893574699302,8.687662570724179,53,140.0,10.0,14,45,-30.56,-23.741064253006982,23.741064253006982,false
2024,Romeo Doubs,WR,GB,103.0,45,115.6290395934391,8.242514503801576,54,132.1,10.161538461538461,13,48,-57.89,-16.47096040656089,16.47096040656089,false
2024,Xavier Legette,WR,CAR,141.3,60,111.9867424474153,7.90952245925937,55,125.1,8.34,15,49,-72.05,-13.113257552584699,13.113257552584699,true
2024,Ja'Lynn Polk,WR,NE,163.4,69,109.90088160356368,7.770253455763005,56,32.7,2.335714285714286,14,71,-72.12,77.20088160356367,77.20088160356367,true
2024,Adonai Mitchell,WR,IND,160.9,66,105.62356259503204,7.471038902914382,57,53.760000000000005,3.162352941176471,17,69,-67.44,51.863562595032036,51.863562595032036,true
2024,Ricky Pearsall,WR,SF,162.7,68,104.17820495255225,7.3555420124786615,58,93.5,8.5,11,58,-77.27,10.67820495255225,10.67820495255225,true
2024,Darnell Mooney,WR,ATL,161.8,67,101.85035373274403,7.461037528506939,59,193.2,12.075,16,30,-71.82,-91.34964626725596,91.34964626725596,false
2024,Marquise Brown,WR,KC,82.2,38,101.43363801496903,7.4703922556711335,60,18.1,9.05,2,72,-38.96,83.33363801496904,83.33363801496904,false
2024,Josh Palmer,WR,LAC,130.5,54,98.75024910126841,7.401444636390968,61,107.4,7.16,15,56,-54.09,-8.649750898731597,8.649750898731597,false
2024,Gabe Davis,WR,JAX,169.6,71,95.31052385308851,6.80443236350493,62,53.900000000000006,5.390000000000001,10,68,-63.88,41.410523853088506,41.410523853088506,false
2024,Dontayvion Wicks,WR,GB,160.0,65,90.7306748876936,6.50785344095803,63,110.5,6.5,17,55,-68.16,-19.769325112306404,19.769325112306404,false
2024,Brandin Cooks,WR,DAL,135.1,58,89.3744424540408,6.381744214954141,64,69.6,6.959999999999999,10,63,-54.91,19.77444245404081,19.77444245404081,false
2024,Christian Watson,WR,GB,84.2,39,89.37436247171277,6.804257951580539,65,105.3,7.521428571428571,14,57,-44.74,-15.925637528287226,15.925637528287226,false
2024,Michael Wilson,WR,ARI,170.2,72,88.70236046756101,6.45794573379321,66,124.5,7.78125,16,50,-69.86,-35.79763953243899,35.79763953243899,false
2024,Rashid Shaheed,WR,NO,139.8,59,87.19675061683142,6.321810697075061,67,73.8,12.299999999999999,6,61,-55.7,13.396750616831426,13.396750616831426,false
2024,Rashod Bateman,WR,BAL,169.6,70,86.92346475820048,6.418678701126384,68,174.60000000000002,10.912500000000001,16,38,-71.37,-87.67653524179954,87.67653524179954,false
2024,Jameson Williams,WR,DET,107.8,48,76.71241938726737,5.834252020657359,69,212.20000000000002,14.146666666666668,15,22,-53.04,-135.48758061273264,135.48758061273264,false
2024,Khalil Shakir,WR,BUF,117.4,52,71.06317141987292,5.1452858179656324,70,182.5,12.166666666666666,15,35,-59.39,-111.43682858012708,111.43682858012708,false
2024,Jahan Dotson,WR,PHI,152.0,61,62.008578345944485,4.43129168622361,71,41.900000000000006,2.9928571428571433,14,70,-59.96,20.10857834594448,20.10857834594448,false
2024,Mike Williams,WR,PIT,116.1,51,42.005243889873476,3.406014754969005,72,56.8,4.057142857142857,14,67,-55.21,-14.79475611012652,14.79475611012652,false
2025,Jayden Daniels,QB,WAS,31.4,4,279.5970985809366,18.722330707757564,1,114.28,16.325714285714287,7,28,-3.28,165.31709858093657,165.31709858093657,false
2025,Patrick Mahomes,QB,KC,52.3,6,253.1040492688735,17.012840584718543,2,285.68,20.405714285714286,14,11,-6.91,-32.57595073112651,32.57595073112651,false
2025,Lamar Jackson,QB,BAL,22.9,1,248.91601764695505,16.656003849546277,3,214.86,16.52769230769231,13,18,-1.74,34.05601764695504,34.05601764695504,false
2025,Josh Allen,QB,BUF,24.7,2,246.17412540872994,16.52436320279073,4,364.62,22.78875,16,1,-1.4,-118.44587459127007,118.44587459127007,false
2025,Caleb Williams,QB,CHI,102.3,13,240.15618371310174,16.090588573458348,5,318.18,18.716470588235296,17,5,-12.91,-78.02381628689827,78.02381628689827,false
2025,Bo Nix,QB,DEN,66.9,8,235.6202463011599,15.769513174064265,6,304.84000000000003,17.931764705882355,17,7,-9.01,-69.21975369884012,69.21975369884012,false
2025,Joe Burrow,QB,CIN,30.3,3,215.70031117229172,14.591620464341078,7,134.46,16.8075,8,25,-4.71,81.24031117229171,81.24031117229171,false
2025,Jalen Hurts,QB,PHI,38.5,5,214.96544535018083,14.530258495645773,8,299.06,18.69125,16,8,-3.9,-84.09455464981917,84.09455464981917,false
2025,Drake Maye,QB,NE,110.4,16,213.32297871668908,14.632595804432315,9,351.96,20.703529411764706,17,2,-15.57,-138.6370212833109,138.6370212833109,false
2025,Kyler Murray,QB,ARI,86.0,11,211.35598160423558,14.359266359379795,10,77.78,15.556000000000001,5,29,-9.87,133.57598160423558,133.57598160423558,false
2025,Baker Mayfield,QB,TB,53.3,7,209.3733699208487,13.970684525109586,11,271.92,15.99529411764706,17,12,-7.79,-62.54663007915133,62.54663007915133,false
2025,Brock Purdy,QB,SF,77.5,9,207.38812119915585,14.057997102916017,12,177.38,19.70888888888889,9,21,-11.82,30.008121199155852,30.008121199155852,false
2025,Jared Goff,QB,DET,97.8,12,203.889064735244,13.600590680653802,13,297.06,17.474117647058822,17,9,-14.18,-93.170935264756,93.170935264756,false
2025,C.J. Stroud,QB,HOU,129.4,20,202.36696256945208,13.606374909282586,14,208.54,14.895714285714286,14,19,-18.26,-6.173037430547907,6.173037430547907,false
2025,Justin Herbert,QB,LAC,110.1,15,196.7124069523601,13.24383513390608,15,286.88,17.93,16,10,-13.4,-90.16759304763988,90.16759304763988,false
2025,Tua Tagovailoa,QB,MIA,138.5,21,182.65362920466384,12.646309336301819,16,160.70000000000002,11.47857142857143,14,23,-21.68,21.953629204663827,21.953629204663827,false
2025,Matthew Stafford,QB,LA,149.7,23,179.88345312884599,12.054173738092198,17,350.38,20.610588235294117,17,3,-21.26,-170.496546871154,170.496546871154,false
2025,Dak Prescott,QB,DAL,84.7,10,179.02742853758647,12.60521395861063,18,313.78000000000003,18.457647058823532,17,6,-12.94,-134.75257146241356,134.75257146241356,false
2025,Jaxson Dart,QB,NYG,165.1,28,177.57168160132602,11.908560551161827,19,241.57999999999998,17.255714285714284,14,13,-33.32,-64.00831839867396,64.00831839867396,true
2025,Cam Ward,QB,TEN,159.8,26,177.20784256002145,11.876879757513201,20,186.66,10.98,17,20,-26.63,-9.45215743997855,9.45215743997855,true
2025,Jordan Love,QB,GB,122.3,19,175.72693670909453,11.879891605724675,21,235.14000000000001,15.676,15,15,-16.29,-59.413063290905484,59.413063290905484,false
2025,Trevor Lawrence,QB,JAX,121.1,18,172.07469096373615,12.036640439318443,22,338.17999999999995,19.892941176470586,17,4,-17.63,-166.1053090362638,166.1053090362638,false
2025,Bryce Young,QB,CAR,153.3,25,166.86354836920088,11.390269880341874,23,218.04,13.6275,16,17,-23.04,-51.17645163079911,51.17645163079911,false
2025,J.J. McCarthy,QB,MIN,107.1,14,132.96527126962323,10.112683781293722,24,125.38,12.538,10,26,-19.81,7.5852712696232345,7.5852712696232345,false
2025,Aaron Rodgers,QB,PIT,163.6,27,131.77418955195006,8.99033678798006,25,227.07999999999998,14.192499999999999,16,16,-27.35,-95.30581044804993,95.30581044804993,false
2025,Geno Smith,QB,LV,149.6,22,123.24739404111486,8.229432568623485,26,173.9,11.593333333333334,15,22,-24.53,-50.65260595888515,50.65260595888515,false
2025,Sam Darnold,QB,SEA,166.7,29,111.46137154019254,7.542568739685899,27,235.42000000000002,13.848235294117648,17,14,-26.15,-123.95862845980747,123.95862845980747,false
2025,Justin Fields,QB,NYJ,110.4,17,103.17925775754395,7.264903004483444,28,142.66,15.851111111111111,9,24,-15.1,-39.480742242456046,39.480742242456046,false
2025,Michael Penix Jr.,QB,ATL,153.2,24,60.99162065226197,4.421584556801702,29,120.28,13.364444444444445,9,27,-24.16,-59.28837934773803,59.28837934773803,false
2025,Ashton Jeanty,RB,LV,11.7,6,251.60064927318848,18.66028049838441,1,245.1,14.41764705882353,17,11,-5.31,6.500649273188486,6.500649273188486,true
2025,Jahmyr Gibbs,RB,DET,5.1,3,201.56699685704612,15.01274280168436,2,366.90000000000003,21.582352941176474,17,3,-2.49,-165.3330031429539,165.3330031429539,false
2025,Bijan Robinson,RB,ATL,2.1,1,188.26485595418802,13.935586210073414,3,370.8,21.811764705882354,17,2,-1.15,-182.535144045812,182.535144045812,false
2025,De'Von Achane,RB,MIA,14.1,7,177.67556996282198,13.393186870181648,4,322.8,20.175,16,5,-5.16,-145.12443003717803,145.12443003717803,false
2025,Omarion Hampton,RB,LAC,38.6,15,173.09629812522405,12.828108863321594,5,135.7,15.077777777777776,9,34,-19.32,37.396298125224064,37.396298125224064,true
2025,Alvin Kamara,RB,NO,29.7,13,165.9250807805177,12.704394221441827,6,100.7,9.154545454545454,11,42,-13.5,65.2250807805177,65.2250807805177,false
2025,D'Andre Swift,RB,CHI,56.8,21,165.4238935348589,12.24181601422393,7,228.6,14.2875,16,15,-23.22,-63.17610646514109,63.17610646514109,false
2025,Breece Hall,RB,NYJ,47.5,19,160.94264381227742,12.013077993894717,8,207.66,12.97875,16,18,-12.82,-46.71735618772257,46.71735618772257,false
2025,Travis Etienne,RB,JAX,101.2,33,159.90075263942288,12.015914861311698,9,253.89999999999998,14.935294117647057,17,10,-31.44,-93.9992473605771,93.9992473605771,false
2025,Josh Jacobs,RB,GB,16.6,8,154.88013996142243,11.554604213606849,10,237.10000000000002,15.806666666666668,15,13,-9.38,-82.2198600385776,82.2198600385776,false
2025,Jonathan Taylor,RB,IND,18.5,9,153.3313125031207,11.913075165279563,11,362.3,21.311764705882354,17,4,-10.82,-208.9686874968793,208.9686874968793,false
2025,Kenneth Walker III,RB,SEA,44.0,18,151.8927181022178,11.99958788375189,12,191.89999999999998,11.288235294117646,17,21,-14.99,-40.00728189778218,40.00728189778218,false
2025,Derrick Henry,RB,BAL,11.1,5,151.25040840498954,11.101753091169867,13,279.5,16.441176470588236,17,8,-7.31,-128.24959159501046,128.24959159501046,false
2025,Chuba Hubbard,RB,CAR,40.2,16,142.84962349854212,10.739083956459877,14,125.4,8.360000000000001,15,37,-17.4,17.44962349854211,17.44962349854211,false
2025,TreVeyon Henderson,RB,NE,50.3,20,142.15473945642373,10.530583203618681,15,206.20000000000002,12.129411764705884,17,20,-24.84,-64.04526054357629,64.04526054357629,true
2025,RJ Harvey,RB,DEN,61.9,24,140.90540454290556,10.419095357786757,16,206.6,12.152941176470588,17,19,-24.38,-65.69459545709444,65.69459545709444,true
2025,Kyren Williams,RB,LA,23.1,12,140.6320304798442,10.655287597503774,17,263.29999999999995,15.488235294117644,17,9,-12.65,-122.66796952015576,122.66796952015576,false
2025,Tyrone Tracy Jr.,RB,NYG,74.8,27,139.39711041253304,10.294504482849293,18,160.8,10.72,15,27,-32.54,-21.402889587466973,21.402889587466973,false
2025,Bucky Irving,RB,TB,19.5,10,138.67514416629695,10.270904386605256,19,138.5,13.85,10,33,-9.6,0.1751441662969455,0.1751441662969455,false
2025,Javonte Williams,RB,DAL,116.3,37,136.41106651798214,10.108526160426132,20,242.8,15.175,16,12,-34.53,-106.38893348201788,106.38893348201788,false
2025,Kaleb Johnson,RB,PIT,79.2,29,136.06506183924625,10.088188299146122,21,8.8,0.8800000000000001,10,63,-27.28,127.26506183924626,127.26506183924626,true
2025,Quinshon Judkins,RB,CLE,125.4,39,135.1072070131483,10.019399200026477,22,169.8,12.12857142857143,14,25,-34.47,-34.692792986851714,34.692792986851714,true
2025,James Cook,RB,BUF,33.7,14,134.5895881043033,10.027603640352448,23,302.20000000000005,17.7764705882353,17,6,-15.97,-167.61041189569676,167.61041189569676,false
2025,Joe Mixon,RB,HOU,113.3,36,134.31584478152513,10.161254195833337,24,0.0,0.0,0,64,-19.82,134.31584478152513,134.31584478152513,false
2025,Rachaad White,RB,TB,138.4,44,129.0263002757435,9.695403307487474,25,143.0,8.411764705882353,17,31,-39.74,-13.973699724256505,13.973699724256505,false
2025,Tony Pollard,RB,TEN,56.8,22,128.22689566508274,9.528706244130547,26,185.79999999999998,10.92941176470588,17,22,-25.75,-57.57310433491725,57.57310433491725,false
2025,Chase Brown,RB,CIN,20.1,11,127.39583680072465,9.64759504141023,27,282.6,16.623529411764707,17,7,-9.62,-155.20416319927537,155.20416319927537,false
2025,Najee Harris,RB,LAC,153.9,55,126.6838770145498,9.338883300719669,28,11.600000000000001,3.866666666666667,3,62,-35.66,115.08387701454978,115.08387701454978,false
2025,Saquon Barkley,RB,PHI,2.5,2,125.53257716283215,9.412812050011844,29,232.3,14.51875,16,14,-3.25,-106.76742283716786,106.76742283716786,false
2025,Aaron Jones,RB,MIN,63.2,25,121.85142192630084,9.114800178783625,30,118.70000000000002,9.891666666666667,12,39,-24.13,3.151421926300827,3.151421926300827,false
2025,Zach Charbonnet,RB,SEA,99.4,32,116.88357418524087,8.668008908590966,31,181.4,11.3375,16,23,-37.06,-64.51642581475913,64.51642581475913,false
2025,Cam Skattebo,RB,NYG,129.2,40,108.19904139326688,8.009160098836547,32,127.7,15.9625,8,36,-39.18,-19.50095860673312,19.50095860673312,true
2025,Christian McCaffrey,RB,SF,8.0,4,107.72807067490605,9.1766615755035,33,416.6,24.50588235294118,17,1,-5.07,-308.87192932509396,308.87192932509396,false
2025,Jaylen Warren,RB,PIT,76.3,28,106.12819042567588,7.973009314033856,34,217.10000000000002,13.568750000000001,16,16,-31.07,-110.97180957432414,110.97180957432414,false
2025,Rhamondre Stevenson,RB,NE,119.7,38,106.12631610840934,8.096641991889769,35,178.8,12.771428571428572,14,24,-37.25,-72.67368389159067,72.67368389159067,false
2025,David Montgomery,RB,DET,60.3,23,101.88490304532503,7.792264387790905,36,166.92000000000002,9.818823529411766,17,26,-23.29,-65.03509695467498,65.03509695467498,false
2025,Kareem Hunt,RB,KC,173.8,63,101.46839267852755,7.795616835654053,37,145.39999999999998,8.552941176470586,17,29,-62.88,-43.93160732147243,43.93160732147243,false
2025,Jerome Ford,RB,CLE,130.8,41,100.873349266705,7.659011749399055,38,43.6,3.353846153846154,13,55,-50.88,57.273349266705004,57.273349266705004,false
2025,Tyjae Spears,RB,TEN,139.0,45,100.27468419230469,7.786503149576221,39,111.7,8.592307692307692,13,41,-38.87,-11.425315807695313,11.425315807695313,false
2025,James Conner,RB,ARI,42.3,17,97.42622879642212,7.313810132322682,40,33.3,11.1,3,57,-18.28,64.12622879642213,64.12622879642213,false
2025,Bhayshul Tuten,RB,JAX,152.7,53,95.01208886864822,7.033213373186895,41,88.60000000000001,5.906666666666667,15,44,-51.9,6.412088868648212,6.412088868648212,true
2025,Jaydon Blue,RB,DAL,144.0,47,93.36534184500061,6.925309422237303,42,20.4,4.08,5,58,-55.9,72.96534184500061,72.96534184500061,true
2025,Braelon Allen,RB,NYJ,148.0,49,91.70491509812041,6.802387647723496,43,15.3,3.825,4,60,-52.99,76.40491509812041,76.40491509812041,false
2025,Dylan Sampson,RB,CLE,146.4,48,89.24688460837369,6.624684204150759,44,87.6,5.84,15,46,-58.69,1.6468846083736963,1.6468846083736963,true
2025,Rico Dowdle,RB,CAR,171.1,61,81.94675841134611,6.1156432831436645,45,216.3,12.723529411764707,17,17,-48.76,-134.3532415886539,134.3532415886539,false
2025,Isiah Pacheco,RB,KC,66.8,26,80.11705336871931,6.648140546836532,46,87.30000000000001,6.715384615384616,13,47,-26.25,-7.1829466312807,7.1829466312807,false
2025,Austin Ekeler,RB,WAS,84.3,30,79.32477009710715,6.17794893352262,47,13.1,6.55,2,61,-43.4,66.22477009710715,66.22477009710715,false
2025,Brian Robinson,RB,SF,149.0,51,75.43727587364141,5.762502828642818,48,62.5,3.676470588235294,17,49,-30.04,12.937275873641411,12.937275873641411,false
2025,Tyler Allgeier,RB,ATL,154.5,56,75.2573630295703,5.560079577370423,49,123.0,7.235294117647059,17,38,-50.07,-47.7426369704297,47.7426369704297,false
2025,Ray Davis,RB,BUF,155.9,57,74.82702843490523,5.525943250876348,50,58.1,3.4176470588235297,17,50,-46.9,16.72702843490523,16.72702843490523,false
2025,J.K. Dobbins,RB,DEN,94.0,31,72.86595955234732,5.922328166886131,51,115.9,11.59,10,40,-42.7,-43.034040447652686,43.034040447652686,false
2025,Justice Hill,RB,BAL,167.3,60,70.8785265579402,5.335918459660188,52,65.2,6.5200000000000005,10,48,-62.27,5.678526557940202,5.678526557940202,false
2025,Ollie Gordon II,RB,MIA,152.9,54,70.47686309306135,5.227679640842598,53,54.10000000000001,3.1823529411764713,17,52,-75.33,16.376863093061345,16.376863093061345,true
2025,Kyle Monangai,RB,CHI,156.8,58,68.16145877079649,5.0472559672563335,54,146.70000000000002,8.629411764705884,17,28,-71.34,-78.53854122920353,78.53854122920353,true
2025,Woody Marks,RB,HOU,157.3,59,67.04303675988609,4.9568927344492595,55,145.1,9.06875,16,30,-81.56,-78.0569632401139,78.0569632401139,true
2025,Trey Benson,RB,ARI,142.2,46,63.31810370212787,4.923583183418437,56,35.4,8.85,4,56,-47.35,27.918103702127873,27.918103702127873,false
2025,Jacory Croskey-Merritt,RB,WAS,107.5,35,57.482477990354454,4.251303679893073,57,140.3,8.25294117647059,17,32,-86.94,-82.81752200964556,82.81752200964556,true
2025,Jaylen Wright,RB,MIA,171.8,62,52.44683964782491,4.039371297495938,58,48.199999999999996,5.355555555555555,9,54,-51.62,4.246839647824913,4.246839647824913,false
2025,Tank Bigsby,RB,PHI,134.3,42,36.618351943451536,2.7719068222173826,59,53.800000000000004,3.586666666666667,15,53,-45.28,-17.181648056548468,17.181648056548468,false
2025,Nick Chubb,RB,HOU,136.1,43,34.202784743320805,2.938325828663117,60,88.3,5.886666666666667,15,45,-59.19,-54.09721525667919,54.09721525667919,false
2025,Will Shipley,RB,PHI,151.2,52,30.093354420803877,2.3160773607771854,61,17.5,1.25,14,59,-71.89,12.593354420803877,12.593354420803877,false
2025,Chris Rodriguez Jr.,RB,WAS,148.0,50,26.697288543351135,2.265993633260677,62,92.0,7.666666666666667,12,43,-95.73,-65.30271145664886,65.30271145664886,false
2025,Jordan Mason,RB,MIN,104.9,34,26.35128866929225,2.048145829952344,63,128.89999999999998,8.056249999999999,16,35,-38.88,-102.54871133070773,102.54871133070773,false
2025,Keaton Mitchell,RB,BAL,174.3,64,14.765756661852281,1.3252431317075084,64,55.400000000000006,4.261538461538462,13,51,-73.33,-40.634243338147726,40.634243338147726,false
2025,Brock Bowers,TE,LV,27.1,1,198.39172058511275,14.385953862235189,1,176.2,14.683333333333332,12,8,-1.19,22.191720585112762,22.191720585112762,false
2025,Trey McBride,TE,ARI,32.6,2,170.10634165903497,12.400244267309116,2,315.9,18.58235294117647,17,1,-1.83,-145.793658340965,145.793658340965,false
2025,Travis Kelce,TE,KC,65.0,5,168.93803175548172,12.260246112112391,3,193.2,11.36470588235294,17,3,-6.44,-24.261968244518272,24.261968244518272,false
2025,George Kittle,TE,SF,43.9,3,148.25908762793952,10.863406102106156,4,161.5,14.681818181818182,11,10,-3.0,-13.240912372060478,13.240912372060478,false
2025,Kyle Pitts,TE,ATL,142.3,16,126.17575932237112,9.12995903775931,5,210.8,12.4,17,2,-20.23,-84.62424067762889,84.62424067762889,false
2025,Sam LaPorta,TE,DET,63.0,4,124.73086999395542,9.102903830284871,6,106.9,11.877777777777778,9,19,-5.14,17.830869993955417,17.830869993955417,false
2025,Tyler Warren,TE,IND,106.2,10,122.36828184143128,8.868467509294744,7,188.5,11.088235294117647,17,4,-14.08,-66.13171815856872,66.13171815856872,true
2025,Hunter Henry,TE,NE,150.2,19,121.1310292335632,8.886362630876349,8,178.8,10.51764705882353,17,7,-17.02,-57.668970766436814,57.668970766436814,false
2025,Colston Loveland,TE,CHI,141.2,15,120.78618511133308,8.769900981245586,9,165.1,10.31875,16,9,-16.64,-44.31381488866691,44.31381488866691,true
2025,Chig Okonkwo,TE,TEN,154.7,22,120.14058720699087,8.756095299562944,10,124.0,7.294117647058823,17,14,-24.73,-3.8594127930091275,3.8594127930091275,false
2025,Tucker Kraft,TE,GB,113.9,11,116.37775294054794,8.491820551273745,11,117.2,14.65,8,17,-10.94,-0.8222470594520672,0.8222470594520672,false
2025,Jonnu Smith,TE,PIT,152.9,21,115.28193993674905,8.300873025113308,12,85.2,5.011764705882353,17,24,-16.23,30.081939936749052,30.081939936749052,false
2025,David Njoku,TE,CLE,76.6,7,115.17823051748235,8.784093566770318,13,86.3,7.845454545454545,11,23,-7.8,28.87823051748235,28.87823051748235,false
2025,Dalton Kincaid,TE,BUF,137.5,14,112.9007517025754,8.477158898052155,14,126.1,10.508333333333333,12,13,-12.81,-13.199248297424589,13.199248297424589,false
2025,T.J. Hockenson,TE,MIN,73.1,6,111.84679734539257,8.657064476340055,15,112.80000000000001,7.5200000000000005,15,18,-5.25,-0.9532026546074377,0.9532026546074377,false
2025,Mark Andrews,TE,BAL,87.2,8,111.4012410889824,8.179003451554555,16,131.0,7.705882352941177,17,11,-8.66,-19.598758911017597,19.598758911017597,false
2025,Mason Taylor,TE,NYJ,151.9,20,101.78899451491377,7.391151603208702,17,88.9,6.838461538461539,13,21,-26.9,12.888994514913762,12.888994514913762,true
2025,Cade Otton,TE,TB,168.4,26,97.14007171392635,7.200801164276656,18,122.2,8.146666666666667,15,15,-24.14,-25.059928286073657,25.059928286073657,false
2025,Jake Ferguson,TE,DAL,118.4,12,90.43095255929398,6.701763497446555,19,188.1,11.064705882352941,17,5,-12.06,-97.66904744070601,97.66904744070601,false
2025,Zach Ertz,TE,WAS,149.8,17,88.24741214132652,6.5033179788079885,20,126.4,9.723076923076924,13,12,-18.5,-38.152587858673485,38.152587858673485,false
2025,Dallas Goedert,TE,PHI,131.1,13,86.33907704401803,6.685333160256888,21,185.1,12.34,15,6,-13.98,-98.76092295598197,98.76092295598197,false
2025,Isaiah Likely,TE,BAL,150.2,18,84.3446060914817,6.259189209264401,22,61.7,5.141666666666667,12,26,-22.3,22.64460609148169,22.64460609148169,false
2025,Evan Engram,TE,DEN,93.5,9,77.49928456977847,5.998206384854179,23,102.80000000000001,6.425000000000001,16,20,-7.19,-25.300715430221544,25.300715430221544,false
2025,Mike Gesicki,TE,CIN,166.7,24,66.08019241305445,4.824203572937012,24,70.7,5.891666666666667,12,25,-21.16,-4.619807586945555,4.619807586945555,false
2025,Brenton Strange,TE,JAX,161.3,23,64.77768485984849,4.967024510054877,25,118.0,9.833333333333334,12,16,-21.16,-53.22231514015151,53.22231514015151,false
2025,Darren Waller,TE,MIA,168.4,25,25.566902955767457,2.2515763537402136,26,88.7,9.855555555555556,9,22,-28.55,-63.13309704423254,63.13309704423254,false
2025,Ja'Marr Chase,WR,CIN,1.5,1,235.37814102553685,16.637446993318093,1,313.6,19.6,16,4,-1.01,-78.22185897446317,78.22185897446317,false
2025,Justin Jefferson,WR,MIN,4.4,2,223.7103891684435,16.043824927266837,2,201.5,11.852941176470589,17,21,-2.57,22.2103891684435,22.2103891684435,false
2025,Amon-Ra St. Brown,WR,DET,10.7,7,218.45608002017275,15.43660106709824,3,324.0,19.058823529411764,17,3,-5.88,-105.54391997982725,105.54391997982725,false
2025,CeeDee Lamb,WR,DAL,4.9,3,215.09802827759762,15.38295873929006,4,200.9,15.453846153846154,13,22,-2.76,14.198028277597615,14.198028277597615,false
2025,Garrett Wilson,WR,NYJ,39.5,20,214.56469320569892,15.134645841082053,5,99.5,14.214285714285714,7,53,-13.57,115.06469320569892,115.06469320569892,false
2025,Brian Thomas Jr.,WR,JAX,14.7,8,214.27712816657103,15.143242889498065,6,138.8,9.914285714285715,14,40,-7.94,75.47712816657102,75.47712816657102,false
2025,DJ Moore,WR,CHI,43.5,21,213.93914441485546,15.048475742986145,7,170.18,10.010588235294119,17,34,-20.04,43.759144414855456,43.759144414855456,false
2025,Malik Nabers,WR,NYG,7.5,4,212.47165176523737,15.255834018227533,8,57.1,14.275,4,74,-4.99,155.37165176523737,155.37165176523737,false
2025,Jaxon Smith-Njigba,WR,SEA,33.0,16,206.64757411020966,14.59588427427784,9,359.9,21.170588235294115,17,2,-12.65,-153.25242588979032,153.25242588979032,false
2025,A.J. Brown,WR,PHI,17.9,10,204.15758520796055,14.810252671838288,10,220.3,14.686666666666667,15,11,-11.47,-16.14241479203946,16.14241479203946,false
2025,Drake London,WR,ATL,15.4,9,202.19778115850121,14.309510804062636,11,201.9,16.825,12,19,-8.93,0.2977811585012091,0.2977811585012091,false
2025,Ladd McConkey,WR,LAC,23.4,12,200.83150603762465,14.287170009311922,12,180.9,11.30625,16,29,-11.59,19.931506037624644,19.931506037624644,false
2025,Zay Flowers,WR,BAL,56.8,26,191.75537313006765,13.560275496016782,13,243.3,14.311764705882354,17,7,-26.03,-51.54462686993236,51.54462686993236,false
2025,Michael Pittman,WR,IND,87.2,44,185.8387516655496,13.205341167367566,14,202.4,11.905882352941177,17,18,-44.1,-16.561248334450397,16.561248334450397,false
2025,DeVonta Smith,WR,PHI,48.3,23,181.083017380111,13.190693483964823,15,201.8,11.870588235294118,17,20,-24.56,-20.716982619889023,20.716982619889023,false
2025,Puka Nacua,WR,LA,9.7,5,175.44184152247243,12.99953798503557,16,375.0,23.4375,16,1,-4.81,-199.55815847752757,199.55815847752757,false
2025,Rome Odunze,WR,CHI,80.3,39,174.68074241409212,12.341196426720725,17,146.10000000000002,12.175000000000002,12,38,-36.56,28.5807424140921,28.5807424140921,false
2025,Marvin Harrison Jr.,WR,ARI,39.0,19,173.683101998887,12.272721025484696,18,127.80000000000001,10.65,12,46,-20.25,45.883101998886985,45.883101998886985,false
2025,Terry McLaurin,WR,WAS,38.3,18,171.23012544317805,12.028277941412659,19,114.2,11.42,10,50,-18.76,57.03012544317805,57.03012544317805,false
2025,Xavier Worthy,WR,KC,50.9,24,171.01850688330748,12.182198348466256,20,109.9,7.8500000000000005,14,51,-29.79,61.118506883307475,61.118506883307475,false
2025,Wan'Dale Robinson,WR,NYG,127.2,57,169.56792947428485,12.024136538075243,21,217.9,13.61875,16,14,-63.97,-48.33207052571515,48.33207052571515,false
2025,Jerry Jeudy,WR,CLE,58.8,28,169.23093463969397,11.95305595484808,22,120.7,7.1000000000000005,17,47,-33.15,48.53093463969397,48.53093463969397,false
2025,Calvin Ridley,WR,TEN,57.1,27,168.0902038483132,11.800410421537782,23,47.3,6.757142857142857,7,80,-32.37,120.7902038483132,120.7902038483132,false
2025,Tyreek Hill,WR,MIA,26.4,13,167.0125617689202,11.744561749852965,24,53.5,13.375,4,76,-14.5,113.5125617689202,113.5125617689202,false
2025,Josh Downs,WR,IND,93.4,46,166.40855325967593,12.021701578673438,25,136.4,8.525,16,42,-42.35,30.00855325967592,30.00855325967592,false
2025,George Pickens,WR,DAL,59.6,29,161.01774285991047,11.627338009971458,26,291.9,17.170588235294115,17,5,-32.69,-130.8822571400895,130.8822571400895,false
2025,Xavier Legette,WR,CAR,140.7,64,156.00209601524296,11.175300220725111,27,89.30000000000001,5.953333333333334,15,58,-68.26,66.70209601524294,66.70209601524294,false
2025,Tetairoa McMillan,WR,CAR,52.3,25,153.1841662707041,10.83032993057521,28,211.4,12.435294117647059,17,16,-28.04,-58.215833729295895,58.215833729295895,true
2025,Travis Hunter,WR,JAX,70.8,33,151.80624998050433,10.734007603683047,29,0.0,0.0,0,85,-32.75,151.80624998050433,151.80624998050433,true
2025,Courtland Sutton,WR,DEN,47.3,22,151.7460311240332,10.76379056532771,30,219.7,12.923529411764704,17,13,-23.96,-67.95396887596678,67.95396887596678,false
2025,Mike Evans,WR,TB,30.0,15,151.18751910193953,10.840122830753375,31,84.80000000000001,10.600000000000001,8,62,-17.79,66.38751910193952,66.38751910193952,false
2025,Jakobi Meyers,WR,JAX,70.9,34,148.64715810630986,10.634563698592139,32,175.8,10.9875,16,31,-37.38,-27.15284189369015,27.15284189369015,false
2025,Jordan Addison,WR,MIN,98.8,47,147.41681990385968,10.570022255476635,33,135.1,9.65,14,43,-36.62,12.316819903859681,12.316819903859681,false
2025,Davante Adams,WR,LA,29.0,14,147.2779887939292,10.553376217709998,34,222.9,15.921428571428573,14,9,-16.07,-75.6220112060708,75.6220112060708,false
2025,DK Metcalf,WR,PIT,37.6,17,141.2146353481544,10.11302571528992,35,187.2,12.479999999999999,15,26,-23.68,-45.9853646518456,45.9853646518456,false
2025,Jayden Reed,WR,GB,103.6,50,136.5358496360149,9.652218025603473,36,48.5,9.7,5,79,-44.25,88.03584963601489,88.03584963601489,false
2025,Jaylen Waddle,WR,MIA,65.2,31,135.23744223242318,9.744724762880631,37,194.12,12.1325,16,24,-28.01,-58.88255776757683,58.88255776757683,false
2025,Tee Higgins,WR,CIN,21.7,11,129.05581633478414,9.59621814120991,38,211.60000000000002,14.106666666666667,15,15,-14.18,-82.54418366521588,82.54418366521588,false
2025,Khalil Shakir,WR,BUF,85.1,43,128.1412727264516,9.195009582085497,39,166.4,10.4,16,35,-38.29,-38.2587272735484,38.2587272735484,false
2025,Nico Collins,WR,HOU,10.0,6,122.6567133900983,9.040681248401585,40,226.2,15.08,15,8,-7.07,-103.54328660990168,103.54328660990168,false
2025,Keenan Allen,WR,LAC,116.5,53,122.12193909493986,8.768466494106724,41,182.7,10.74705882352941,17,28,-77.09,-60.57806090506013,60.57806090506013,false
2025,Matthew Golden,WR,GB,78.2,38,122.02655093597951,8.629867787840707,42,70.0,5.0,14,67,-53.93,52.026550935979515,52.026550935979515,true
2025,Deebo Samuel Sr.,WR,WAS,70.4,32,121.99751412834904,8.744044902207468,43,188.2,11.7625,16,25,-44.16,-66.20248587165095,66.20248587165095,false
2025,Darnell Mooney,WR,ATL,105.9,51,121.83448743473265,8.701796244171197,44,82.30000000000001,5.486666666666667,15,64,-48.69,39.53448743473264,39.53448743473264,false
2025,Emeka Egbuka,WR,TB,84.2,42,121.75179577145163,8.604480064135771,45,195.70000000000002,11.511764705882355,17,23,-52.79,-73.94820422854839,73.94820422854839,true
2025,Rashod Bateman,WR,BAL,133.2,62,120.79207486608772,8.6216409924582,46,55.400000000000006,4.261538461538462,13,75,-58.99,65.39207486608771,65.39207486608771,false
2025,Luther Burden III,WR,CHI,150.7,68,120.24822263696166,8.506799162458158,47,127.9,8.526666666666667,15,45,-57.51,-7.651777363038349,7.651777363038349,true
2025,DeMario Douglas,WR,NE,142.7,65,119.11663908720317,8.532016429689309,48,95.80000000000001,5.987500000000001,16,55,-68.84,23.316639087203157,23.316639087203157,false
2025,Jayden Higgins,WR,HOU,129.8,59,118.5867410911643,8.382032483594552,49,129.5,7.617647058823529,17,44,-62.84,-10.9132589088357,10.9132589088357,true
2025,Quentin Johnston,WR,LAC,162.8,76,117.95145369098832,8.454235578337466,50,171.2,13.169230769230769,13,33,-65.35,-53.24854630901167,53.24854630901167,false
2025,Jameson Williams,WR,DET,63.4,30,117.91033474266948,8.561699847673538,51,219.9,12.935294117647059,17,12,-30.54,-101.98966525733053,101.98966525733053,false
2025,Cooper Kupp,WR,SEA,92.0,45,116.05913867155394,8.578415780759666,52,116.30000000000001,7.268750000000001,16,49,-45.97,-0.24086132844607278,0.24086132844607278,false
2025,Chris Olave,WR,NO,72.0,35,110.73806881688864,8.459877872547636,53,268.0,16.75,16,6,-28.9,-157.26193118311136,157.26193118311136,false
2025,Tre Harris,WR,LAC,155.4,72,110.6604801713805,7.816404840623388,54,69.4,4.3375,16,68,-61.71,41.26048017138049,41.26048017138049,true
2025,Brandon Aiyuk,WR,SF,146.1,66,110.13651180931558,8.476245912834806,55,0.0,0.0,0,87,-49.34,110.13651180931558,110.13651180931558,false
2025,Chris Godwin Jr.,WR,TB,99.8,48,110.00742817929157,8.416782879940344,56,83.0,9.222222222222221,9,63,-31.76,27.007428179291566,27.007428179291566,false
2025,Romeo Doubs,WR,GB,132.5,61,108.23344039996377,7.873164835023543,57,165.4,10.3375,16,36,-62.19,-57.16655960003624,57.16655960003624,false
2025,Jauan Jennings,WR,SF,83.5,41,107.48867852079862,7.755823916298104,58,173.3,11.553333333333335,15,32,-37.82,-65.8113214792014,65.8113214792014,false
2025,Kyle Williams,WR,NE,165.5,78,105.55209803041092,7.460141483324375,59,49.2,3.5142857142857147,14,78,-66.88,56.352098030410914,56.352098030410914,true
2025,Alec Pierce,WR,IND,173.1,86,103.74323278341298,7.370245910864988,60,183.3,12.22,15,27,-76.85,-79.55676721658703,79.55676721658703,false
2025,Jack Bech,WR,LV,170.0,85,103.51929812613223,7.317076902415268,61,42.400000000000006,3.028571428571429,14,81,-73.76,61.11929812613222,61.11929812613222,true
2025,Keon Coleman,WR,BUF,101.2,49,102.22903653913097,7.459320593761016,62,102.4,8.533333333333333,12,52,-54.69,-0.17096346086903225,0.17096346086903225,false
2025,Adam Thielen,WR,PIT,131.3,60,100.8066387017639,7.450699114513091,63,39.6,2.8285714285714287,14,82,-61.04,61.2066387017639,61.2066387017639,false
2025,DeAndre Hopkins,WR,BAL,166.5,81,96.41804341515943,6.8026476127613495,64,67.0,3.9411764705882355,17,70,-70.44,29.41804341515943,29.41804341515943,false
2025,Michael Wilson,WR,ARI,152.3,70,96.20795353209036,6.904051602435881,65,220.60000000000002,12.976470588235296,17,10,-75.37,-124.39204646790967,124.39204646790967,false
2025,Amari Cooper,WR,LV,159.4,75,95.48262685535269,6.944233497639825,66,0.0,0.0,0,86,-86.13,95.48262685535269,95.48262685535269,false
2025,Josh Palmer,WR,BUF,140.6,63,92.57338640973039,6.749359500101261,67,52.3,4.358333333333333,12,77,-71.6,40.27338640973039,40.27338640973039,false
2025,Ricky Pearsall,WR,SF,76.1,36,91.97268810122998,6.809606377680753,68,88.6,9.844444444444443,9,59,-44.85,3.3726881012299827,3.3726881012299827,false
2025,Elic Ayomanor,WR,TEN,177.0,87,91.57589012963092,6.475449719087579,69,116.5,7.28125,16,48,-86.75,-24.92410987036908,24.92410987036908,true
2025,Pat Bryant,WR,DEN,167.2,82,91.308766653899,6.453874604951679,70,74.80000000000001,5.753846153846155,13,66,-89.08,16.508766653898988,16.508766653898988,true
2025,Marvin Mims Jr.,WR,DEN,125.9,56,90.94333863808161,6.439715919432897,71,87.0,5.8,15,60,-60.79,3.943338638081613,3.943338638081613,false
2025,Stefon Diggs,WR,NE,77.3,37,89.31302311920682,6.748739706869471,72,210.3,12.370588235294118,17,17,-39.51,-120.9869768807932,120.9869768807932,false
2025,Tyler Lockett,WR,LV,163.5,77,88.99325143062008,6.2359880011296855,73,67.1,3.9470588235294115,17,69,-85.84,21.893251430620083,21.893251430620083,false
2025,Dont'e Thornton Jr.,WR,LV,150.1,67,86.7347532730368,6.1304291427690565,74,23.5,2.1363636363636362,11,83,-99.59,63.2347532730368,63.2347532730368,true
2025,Troy Franklin,WR,DEN,157.7,74,83.71245222057071,5.961931090790547,75,177.10000000000002,10.417647058823531,17,30,-113.67,-93.38754777942931,93.38754777942931,false
2025,Isaac TeSlaa,WR,DET,156.7,73,83.44565962298576,5.893998498459361,76,75.9,5.421428571428572,14,65,-107.11,7.545659622985752,7.545659622985752,true
2025,Calvin Austin III,WR,PIT,167.7,83,83.11562058076674,5.8701606419584484,77,86.2,6.1571428571428575,14,61,-85.94,-3.084379419233258,3.084379419233258,false
2025,Rashee Rice,WR,KC,82.5,40,82.43220007525265,6.571065000274747,78,150.1,18.7625,8,37,-22.5,-67.66779992474734,67.66779992474734,false
2025,Tory Horton,WR,SEA,153.6,71,80.78385312604888,5.709804806091775,79,59.1,7.3875,8,72,-106.29,21.68385312604888,21.68385312604888,true
2025,Jalen Coker,WR,CAR,152.0,69,77.7894987004271,5.766483925590995,80,90.4,8.218181818181819,11,56,-73.26,-12.610501299572903,12.610501299572903,false
2025,Darius Slayton,WR,NYG,165.9,79,74.3563181511044,5.267122277008907,81,98.80000000000001,7.057142857142858,14,54,-83.25,-24.443681848895608,24.443681848895608,false
2025,Cedric Tillman,WR,CLE,121.1,55,72.70428738659395,5.590788185543744,82,60.0,5.0,12,71,-58.51,12.704287386593947,12.704287386593947,false
2025,Christian Kirk,WR,HOU,121.0,54,55.493056069599106,4.278672586610464,83,57.900000000000006,5.263636363636365,11,73,-53.09,-2.4069439304008995,2.4069439304008995,false
2025,Andrei Iosivas,WR,CIN,166.3,80,54.58925097548054,3.90601074622614,84,89.9,5.993333333333334,15,57,-81.95,-35.31074902451947,35.31074902451947,false
2025,Rashid Shaheed,WR,SEA,106.0,52,53.548615530955395,4.181626948228886,85,144.60000000000002,8.505882352941178,17,39,-55.21,-91.05138446904462,91.05138446904462,false
2025,Marquise Brown,WR,KC,127.9,58,51.39610413000196,4.2286871197292975,86,137.7,8.60625,16,41,-60.16,-86.30389586999803,86.30389586999803,false
2025,Ray-Ray McCloud,WR,NYG,167.8,84,42.87933027645134,3.0519835468293377,87,13.9,2.316666666666667,6,84,-102.07,28.979330276451343,28.979330276451343,false
